Fecha de agregación,Fecha de lanzamiento,Mercados,Tipo,Titulo,Tipo de álbum,Total de canciones,Artista,Géneros,Tipo de artista,Número de pista,Duración ,Popularidad,Danceability,Energy ,Key,Loudness,Mode ,Speechiness,Acousticness,Instrumentalness,Liveness,Valence,Tempo,Type,id,href,time signature
2022-09-14T00:38:36Z,13/07/2011,"AR,AU,AT,BE,BO,BR,BG,CA,CL,CO,CR,CY,CZ,DK,DO,DE,EC,EE,SV,FI,FR,GR,GT,HN,HK,HU,IS,IE,IT,LV,LT,LU,MY,MT,MX,NL,NZ,NI,NO,PA,PY,PE,PH,PL,PT,SG,SK,ES,SE,CH,TW,TR,UY,US,GB,AD,LI,MC,ID,TH,VN,RO,IL,ZA,SA,AE,BH,QA,OM,KW,EG,MA,DZ,TN,LB,JO,PS,IN,BY,KZ,MD,UA,AL,BA,HR,ME,MK,RS,SI,KR,BD,PK,LK,GH,KE,NG,TZ,UG,AG,AM,BS,BB,BZ,BT,BW,BF,CV,CW,DM,FJ,GM,GE,GD,GW,GY,HT,JM,KI,LS,LR,MW,MV,ML,MH,FM,NA,NR,NE,PW,PG,PR,WS,SM,ST,SN,SC,SL,SB,KN,LC,VC,SR,TL,TO,TT,TV,VU,AZ,BN,BI,KH,CM,TD,KM,GQ,SZ,GA,GN,KG,LA,MO,MR,MN,NP,RW,TG,UZ,ZW,BJ,MG,MU,MZ,AO,CI,DJ,ZM,CD,CG,IQ,LY,TJ,VE,ET,XK",track,Reminiscence,album,28,Satoshi Takebe,anime score,artist,4,122600,50,0.448,0.0743,5,-22.274,1,0.112,0.992,0.818,0.0921,0.204,76.798,audio_features,76cUb9qc2hTwV5MV5xpvnK,https://api.spotify.com/v1/tracks/76cUb9qc2hTwV5MV5xpvnK,4
2022-06-06T04:05:23Z,13/05/2021,"AR,AU,AT,BE,BO,BR,BG,CA,CL,CO,CR,CY,CZ,DK,DO,DE,EC,EE,SV,FI,FR,GR,GT,HN,HK,HU,IS,IE,IT,LV,LT,LU,MY,MT,MX,NL,NZ,NI,NO,PA,PY,PE,PH,PL,PT,SG,SK,ES,SE,CH,TW,TR,UY,US,GB,AD,LI,MC,ID,JP,TH,VN,RO,IL,ZA,SA,AE,BH,QA,OM,KW,EG,MA,DZ,TN,LB,JO,PS,IN,BY,KZ,MD,UA,AL,BA,HR,ME,MK,RS,SI,KR,BD,PK,LK,GH,KE,NG,TZ,UG,AG,AM,BS,BB,BZ,BT,BW,BF,CV,CW,DM,FJ,GM,GE,GD,GW,GY,HT,JM,KI,LS,LR,MW,MV,ML,MH,FM,NA,NR,NE,PW,PG,PR,WS,SM,ST,SN,SC,SL,SB,KN,LC,VC,SR,TL,TO,TT,TV,VU,AZ,BN,BI,KH,CM,TD,KM,GQ,SZ,GA,GN,KG,LA,MO,MR,MN,NP,RW,TG,UZ,ZW,BJ,MG,MU,MZ,AO,CI,DJ,ZM,CD,CG,IQ,LY,TJ,VE,ET,XK",track,Khalolo,album,18,Huge Beatz,,artist,13,31586,10,0.627,0.109,5,-21.332,1,0.162,0.994,0.954,0.0742,0,104.685,audio_features,6gyDoaw35ToS5XQP9z2McI,https://api.spotify.com/v1/tracks/6gyDoaw35ToS5XQP9z2McI,3
2023-02-04T07:00:17Z,09/12/2016,"AR,AU,AT,BE,BO,BR,BG,CA,CL,CO,CR,CY,CZ,DK,DO,DE,EC,EE,SV,FI,FR,GR,GT,HN,HK,HU,IS,IE,IT,LV,LT,LU,MY,MT,MX,NL,NZ,NI,NO,PA,PY,PE,PH,PL,PT,SG,SK,SE,CH,TW,TR,UY,US,GB,AD,LI,MC,ID,JP,TH,VN,RO,IL,ZA,SA,AE,BH,QA,OM,KW,EG,MA,DZ,TN,LB,JO,PS,IN,BY,KZ,MD,UA,AL,BA,HR,ME,MK,RS,SI,KR,BD,PK,LK,GH,KE,NG,TZ,UG,AG,AM,BS,BB,BZ,BT,BW,BF,CV,CW,DM,FJ,GM,GE,GD,GW,GY,HT,JM,KI,LS,LR,MW,MV,ML,MH,FM,NA,NR,NE,PW,PG,PR,WS,SM,ST,SN,SC,SL,SB,KN,LC,VC,SR,TL,TO,TT,TV,VU,AZ,BN,BI,KH,CM,TD,KM,GQ,SZ,GA,GN,KG,LA,MO,MR,MN,NP,RW,TG,UZ,ZW,BJ,MG,MU,MZ,AO,CI,DJ,ZM,CD,CG,IQ,LY,TJ,VE,ET,XK",track,Big Dreams,album,21,Fernando Velázquez,"latin soundtrack,soundtrack",artist,13,95280,54,0.178,0.00505,3,-32.978,1,0.0366,0.993,0.821,0.0844,0.0684,136.546,audio_features,46bzMOnJ1anlTrDCGWH30H,https://api.spotify.com/v1/tracks/46bzMOnJ1anlTrDCGWH30H,4
2022-11-01T19:24:27Z,30/08/2019,"AR,AU,AT,BE,BO,BR,BG,CA,CL,CO,CR,CY,CZ,DK,DO,DE,EC,EE,SV,FI,FR,GR,GT,HN,HK,HU,IS,IE,IT,LV,LT,LU,MY,MT,MX,NL,NZ,NI,NO,PA,PY,PE,PH,PL,PT,SG,SK,ES,SE,CH,TW,TR,UY,US,GB,AD,LI,MC,ID,JP,TH,VN,RO,IL,ZA,SA,AE,BH,QA,OM,KW,EG,MA,DZ,TN,LB,JO,PS,IN,BY,KZ,MD,UA,AL,BA,HR,ME,MK,RS,SI,KR,BD,PK,LK,GH,KE,NG,TZ,UG,AG,AM,BS,BB,BZ,BT,BW,BF,CV,CW,DM,FJ,GM,GE,GD,GW,GY,HT,JM,KI,LS,LR,MW,MV,ML,MH,FM,NA,NR,NE,PW,PG,PR,WS,SM,ST,SN,SC,SL,SB,KN,LC,VC,SR,TL,TO,TT,TV,VU,AZ,BN,BI,KH,CM,TD,KM,GQ,SZ,GA,GN,KG,LA,MO,MR,MN,NP,RW,TG,UZ,ZW,BJ,MG,MU,MZ,AO,CI,DJ,ZM,CD,CG,IQ,LY,TJ,VE,ET,XK",track,Nothing Lasts Forever,album,45,Benjamin Wallfisch,"british soundtrack,deep soundtrack,soundtrack",artist,43,257866,21,0.17,0.098,2,-18.199,0,0.0357,0.94,0.896,0.094,0.037,77.762,audio_features,0kqXlIPkiHwQbj5YZLw5oU,https://api.spotify.com/v1/tracks/0kqXlIPkiHwQbj5YZLw5oU,1
2023-01-11T23:07:42Z,16/09/2014,"AR,AU,AT,BE,BO,BR,BG,CA,CL,CO,CR,CY,CZ,DK,DO,DE,EC,EE,SV,FI,FR,GR,GT,HN,HK,HU,IS,IE,IT,LV,LT,LU,MY,MT,MX,NL,NZ,NI,NO,PA,PY,PE,PH,PL,PT,SG,SK,ES,SE,CH,TW,TR,UY,US,GB,AD,LI,MC,ID,JP,TH,VN,RO,IL,ZA,SA,AE,BH,QA,OM,KW,EG,MA,DZ,TN,LB,JO,PS,IN,BY,KZ,MD,UA,AL,BA,HR,ME,MK,RS,SI,KR,BD,PK,LK,GH,KE,NG,TZ,UG,AG,AM,BS,BB,BZ,BT,BW,BF,CV,CW,DM,FJ,GM,GE,GD,GW,GY,HT,JM,KI,LS,LR,MW,MV,ML,MH,FM,NA,NR,NE,PW,PG,WS,SM,ST,SN,SC,SL,SB,KN,LC,VC,SR,TL,TO,TT,TV,VU,AZ,BN,BI,KH,CM,TD,KM,GQ,SZ,GA,GN,KG,LA,MO,MR,MN,NP,RW,TG,UZ,ZW,BJ,MG,MU,MZ,AO,CI,DJ,ZM,CD,CG,IQ,LY,TJ,VE,ET,XK",track,Own Worst Enemy,album,27,Blake Neely,"orchestral soundtrack,soundtrack",artist,18,201531,21,0.3,0.00723,7,-31.166,0,0.0373,0.957,0.91,0.0968,0.0397,54.984,audio_features,2rG9xJs6fbNEXTL4OXJqww,https://api.spotify.com/v1/tracks/2rG9xJs6fbNEXTL4OXJqww,4
2022-06-02T23:05:32Z,03/12/2021,"AR,AU,AT,BE,BO,BR,BG,CA,CL,CO,CR,CY,CZ,DK,DO,DE,EC,EE,SV,FI,FR,GR,GT,HN,HK,HU,IS,IE,IT,LV,LT,LU,MY,MT,MX,NL,NZ,NI,NO,PA,PY,PE,PH,PL,PT,SG,SK,ES,SE,CH,TW,TR,UY,US,GB,AD,LI,MC,ID,JP,TH,VN,RO,IL,ZA,SA,AE,BH,QA,OM,KW,EG,MA,DZ,TN,LB,JO,PS,IN,BY,KZ,MD,UA,AL,BA,HR,ME,MK,RS,SI,KR,BD,PK,LK,GH,KE,NG,TZ,UG,AG,AM,BS,BB,BZ,BT,BW,BF,CV,CW,DM,FJ,GM,GE,GD,GW,GY,HT,JM,KI,LS,LR,MW,MV,ML,MH,FM,NA,NR,NE,PW,PG,PR,WS,SM,ST,SN,SC,SL,SB,KN,LC,VC,SR,TL,TO,TT,TV,VU,AZ,BN,BI,KH,CM,TD,KM,GQ,SZ,GA,GN,KG,LA,MO,MR,MN,NP,RW,TG,UZ,ZW,BJ,MG,MU,MZ,AO,CI,DJ,ZM,CD,CG,IQ,LY,TJ,VE,ET,XK",track,Sangre de Cristo - After Hours,album,23,Vian Izak,,artist,15,182000,6,0.229,0.126,10,-19.839,1,0.0375,0.969,0.92,0.207,0.182,80.997,audio_features,4D9ZQ1jwUtIOeriObCsKsU,https://api.spotify.com/v1/tracks/4D9ZQ1jwUtIOeriObCsKsU,1
2022-06-10T13:55:46Z,03/12/2021,"AR,AU,AT,BE,BO,BR,BG,CA,CL,CO,CR,CY,CZ,DK,DO,DE,EC,EE,SV,FI,FR,GR,GT,HN,HK,HU,IS,IE,IT,LV,LT,LU,MY,MT,MX,NL,NZ,NI,NO,PA,PY,PE,PH,PL,PT,SG,SK,ES,SE,CH,TW,TR,UY,US,GB,AD,LI,MC,ID,JP,TH,VN,RO,IL,ZA,SA,AE,BH,QA,OM,KW,EG,MA,DZ,TN,LB,JO,PS,IN,BY,KZ,MD,UA,AL,BA,HR,ME,MK,RS,SI,KR,BD,PK,LK,GH,KE,NG,TZ,UG,AG,AM,BS,BB,BZ,BT,BW,BF,CV,CW,DM,FJ,GM,GE,GD,GW,GY,HT,JM,KI,LS,LR,MW,MV,ML,MH,FM,NA,NR,NE,PW,PG,PR,WS,SM,ST,SN,SC,SL,SB,KN,LC,VC,SR,TL,TO,TT,TV,VU,AZ,BN,BI,KH,CM,TD,KM,GQ,SZ,GA,GN,KG,LA,MO,MR,MN,NP,RW,TG,UZ,ZW,BJ,MG,MU,MZ,AO,CI,DJ,ZM,CD,CG,IQ,LY,TJ,VE,ET,XK",track,Flight of the Aeronaut,album,23,Vian Izak,,artist,13,261000,4,0.251,0.456,11,-7.807,0,0.0346,0.584,0.000229,0.079,0.179,139.994,audio_features,2ohfMj6Z6ASv3UiUqkkl2T,https://api.spotify.com/v1/tracks/2ohfMj6Z6ASv3UiUqkkl2T,3
2023-01-11T01:14:15Z,15/04/2016,"AR,AU,AT,BE,BO,BR,BG,CA,CL,CO,CR,CY,CZ,DK,DO,DE,EC,EE,SV,FI,FR,GR,GT,HN,HK,HU,IS,IE,IT,LV,LT,LU,MY,MT,MX,NL,NZ,NI,NO,PA,PY,PE,PH,PL,PT,SG,SK,ES,SE,CH,TW,TR,UY,US,GB,AD,LI,MC,ID,JP,TH,VN,RO,IL,ZA,SA,AE,BH,QA,OM,KW,EG,MA,DZ,TN,LB,JO,PS,IN,BY,KZ,MD,UA,AL,BA,HR,ME,MK,RS,SI,KR,BD,PK,LK,GH,KE,NG,TZ,UG,AG,AM,BS,BB,BZ,BT,BW,BF,CV,CW,DM,FJ,GM,GE,GD,GW,GY,HT,JM,KI,LS,LR,MW,MV,ML,MH,FM,NA,NR,NE,PW,PG,WS,SM,ST,SN,SC,SL,SB,KN,LC,VC,SR,TL,TO,TT,TV,VU,AZ,BN,BI,KH,CM,TD,KM,GQ,SZ,GA,GN,KG,LA,MO,MR,MN,NP,RW,TG,UZ,ZW,BJ,MG,MU,MZ,AO,CI,DJ,ZM,CD,CG,IQ,LY,TJ,VE,ET,XK",track,The Awakening,album,29,Tree Adams,,artist,29,219640,9,0.122,0.207,9,-17.492,0,0.0357,0.0126,0.886,0.107,0.0323,79.326,audio_features,0sANhXgjliG2PW1Kj8eppN,https://api.spotify.com/v1/tracks/0sANhXgjliG2PW1Kj8eppN,4
2022-07-04T22:05:43Z,29/04/2014,"AR,AU,AT,BE,BO,BR,BG,CA,CL,CO,CR,CY,CZ,DK,DO,DE,EC,EE,SV,FI,FR,GR,GT,HN,HK,HU,IS,IE,IT,LV,LT,LU,MY,MT,MX,NL,NZ,NI,NO,PA,PY,PE,PH,PL,PT,SG,SK,ES,SE,CH,TW,TR,UY,US,GB,AD,LI,MC,ID,JP,TH,VN,RO,IL,ZA,SA,AE,BH,QA,OM,KW,EG,MA,DZ,TN,LB,JO,PS,IN,BY,KZ,MD,UA,AL,BA,HR,ME,MK,RS,SI,KR,BD,PK,LK,GH,KE,NG,TZ,UG,AG,AM,BS,BB,BZ,BT,BW,BF,CV,CW,DM,FJ,GM,GE,GD,GW,GY,HT,JM,KI,LS,LR,MW,MV,ML,MH,FM,NA,NR,NE,PW,PG,PR,WS,SM,ST,SN,SC,SL,SB,KN,LC,VC,SR,TL,TO,TT,TV,VU,AZ,BN,BI,KH,CM,TD,KM,GQ,SZ,GA,GN,KG,LA,MO,MR,MN,NP,RW,TG,UZ,ZW,BJ,MG,MU,MZ,AO,CI,DJ,ZM,CD,CG,IQ,LY,TJ,VE,ET,XK",track,No Darkness,album,10,Broken Twin,"chamber folk,danish indie pop,melancholia",artist,10,359146,9,0.203,0.154,6,-15.555,0,0.0365,0.86,0.282,0.0914,0.133,81.359,audio_features,6GYy1fRLqP7IONHvw5cAmb,https://api.spotify.com/v1/tracks/6GYy1fRLqP7IONHvw5cAmb,4
2022-07-04T22:05:57Z,29/04/2014,"AR,AU,AT,BE,BO,BR,BG,CA,CL,CO,CR,CY,CZ,DK,DO,DE,EC,EE,SV,FI,FR,GR,GT,HN,HK,HU,IS,IE,IT,LV,LT,LU,MY,MT,MX,NL,NZ,NI,NO,PA,PY,PE,PH,PL,PT,SG,SK,ES,SE,CH,TW,TR,UY,US,GB,AD,LI,MC,ID,JP,TH,VN,RO,IL,ZA,SA,AE,BH,QA,OM,KW,EG,MA,DZ,TN,LB,JO,PS,IN,BY,KZ,MD,UA,AL,BA,HR,ME,MK,RS,SI,KR,BD,PK,LK,GH,KE,NG,TZ,UG,AG,AM,BS,BB,BZ,BT,BW,BF,CV,CW,DM,FJ,GM,GE,GD,GW,GY,HT,JM,KI,LS,LR,MW,MV,ML,MH,FM,NA,NR,NE,PW,PG,PR,WS,SM,ST,SN,SC,SL,SB,KN,LC,VC,SR,TL,TO,TT,TV,VU,AZ,BN,BI,KH,CM,TD,KM,GQ,SZ,GA,GN,KG,LA,MO,MR,MN,NP,RW,TG,UZ,ZW,BJ,MG,MU,MZ,AO,CI,DJ,ZM,CD,CG,IQ,LY,TJ,VE,ET,XK",track,In Dreams,album,10,Broken Twin,"chamber folk,danish indie pop,melancholia",artist,8,312613,26,0.341,0.254,0,-13.248,1,0.028,0.874,0.96,0.104,0.0564,68.571,audio_features,71HJuzHzHoN2z4jwParNfz,https://api.spotify.com/v1/tracks/71HJuzHzHoN2z4jwParNfz,3
2023-02-02T06:11:36Z,02/10/2012,"AR,AU,AT,BE,BO,BR,BG,CA,CL,CO,CR,CY,CZ,DK,DO,DE,EC,EE,SV,FI,FR,GR,GT,HN,HK,HU,IS,IE,IT,LV,LT,LU,MY,MT,MX,NL,NZ,NI,NO,PA,PY,PE,PH,PL,PT,SG,SK,ES,SE,CH,TW,TR,UY,US,GB,AD,LI,MC,ID,JP,TH,VN,RO,IL,ZA,SA,AE,BH,QA,OM,KW,EG,MA,DZ,TN,LB,JO,PS,IN,BY,KZ,MD,UA,AL,BA,HR,ME,MK,RS,SI,KR,BD,PK,LK,GH,KE,NG,TZ,UG,AG,AM,BS,BB,BZ,BT,BW,BF,CV,CW,DM,FJ,GM,GE,GD,GW,GY,HT,JM,KI,LS,LR,MW,MV,ML,MH,FM,NA,NR,NE,PW,PG,PR,WS,SM,ST,SN,SC,SL,SB,KN,LC,VC,SR,TL,TO,TT,TV,VU,AZ,BN,BI,KH,CM,TD,KM,GQ,SZ,GA,GN,KG,LA,MO,MR,MN,NP,RW,TG,UZ,ZW,BJ,MG,MU,MZ,AO,CI,DJ,ZM,CD,CG,IQ,LY,TJ,VE,ET,XK",track,The Bond of Sacrifice,compilation,19,Various Artists,"british soundtrack,soundtrack",artist,17,137182,42,0.0864,0.106,5,-20.633,0,0.0403,0.966,0.849,0.136,0.032,167.517,audio_features,0IOZkyP8xzcE5cOeYmFPuH,https://api.spotify.com/v1/tracks/0IOZkyP8xzcE5cOeYmFPuH,3
2022-11-01T19:34:51Z,30/08/2019,"AR,AU,AT,BE,BO,BR,BG,CA,CL,CO,CR,CY,CZ,DK,DO,DE,EC,EE,SV,FI,FR,GR,GT,HN,HK,HU,IS,IE,IT,LV,LT,LU,MY,MT,MX,NL,NZ,NI,NO,PA,PY,PE,PH,PL,PT,SG,SK,ES,SE,CH,TW,TR,UY,US,GB,AD,LI,MC,ID,JP,TH,VN,RO,IL,ZA,SA,AE,BH,QA,OM,KW,EG,MA,DZ,TN,LB,JO,PS,IN,BY,KZ,MD,UA,AL,BA,HR,ME,MK,RS,SI,KR,BD,PK,LK,GH,KE,NG,TZ,UG,AG,AM,BS,BB,BZ,BT,BW,BF,CV,CW,DM,FJ,GM,GE,GD,GW,GY,HT,JM,KI,LS,LR,MW,MV,ML,MH,FM,NA,NR,NE,PW,PG,PR,WS,SM,ST,SN,SC,SL,SB,KN,LC,VC,SR,TL,TO,TT,TV,VU,AZ,BN,BI,KH,CM,TD,KM,GQ,SZ,GA,GN,KG,LA,MO,MR,MN,NP,RW,TG,UZ,ZW,BJ,MG,MU,MZ,AO,CI,DJ,ZM,CD,CG,IQ,LY,TJ,VE,ET,XK",track,Bar Mitzvah,album,45,Benjamin Wallfisch,"british soundtrack,deep soundtrack,soundtrack",artist,26,95826,26,0,0.0795,2,-21.338,1,0,0.899,0.892,0.0795,0,0,audio_features,0kI6UenYptnvkqu3Gyzmp9,https://api.spotify.com/v1/tracks/0kI6UenYptnvkqu3Gyzmp9,0
2022-11-01T19:52:38Z,19/11/2004,"AR,AU,AT,BE,BO,BR,BG,CA,CL,CO,CR,CY,CZ,DK,DO,DE,EC,EE,SV,FI,FR,GR,GT,HN,HK,HU,IS,IE,IT,LV,LT,LU,MY,MT,MX,NL,NZ,NI,NO,PA,PY,PE,PH,PL,PT,SG,SK,ES,SE,CH,TW,TR,UY,US,GB,AD,LI,MC,ID,TH,VN,RO,IL,ZA,SA,AE,BH,QA,OM,KW,EG,MA,DZ,TN,LB,JO,PS,IN,BY,KZ,MD,UA,AL,BA,HR,ME,MK,RS,SI,KR,BD,PK,LK,GH,KE,NG,TZ,UG,AG,AM,BS,BB,BZ,BT,BW,BF,CV,CW,DM,FJ,GM,GE,GD,GW,GY,HT,JM,KI,LS,LR,MW,MV,ML,MH,FM,NA,NR,NE,PW,PG,PR,WS,SM,ST,SN,SC,SL,SB,KN,LC,VC,SR,TL,TO,TT,TV,VU,AZ,BN,BI,KH,CM,TD,KM,GQ,SZ,GA,GN,KG,LA,MO,MR,MN,NP,RW,TG,UZ,ZW,BJ,MG,MU,MZ,AO,CI,DJ,ZM,CD,CG,IQ,LY,TJ,VE,ET,XK",track,In the Rain,album,26,Joe Hisaishi,"anime,anime score,japanese classical,japanese soundtrack,orchestral soundtrack",artist,12,88426,52,0.277,0.0415,3,-23.933,1,0.0338,0.975,0.955,0.126,0.19,100.66,audio_features,54tyZ4LKFV0vQZIseBV0jA,https://api.spotify.com/v1/tracks/54tyZ4LKFV0vQZIseBV0jA,3
2022-06-20T22:59:26Z,18/07/2001,"AR,AU,AT,BE,BO,BR,BG,CA,CL,CO,CR,CY,CZ,DK,DO,DE,EC,EE,SV,FI,FR,GR,GT,HN,HK,HU,IS,IE,IT,LV,LT,LU,MY,MT,MX,NL,NZ,NI,NO,PA,PY,PE,PH,PL,PT,SG,SK,ES,SE,CH,TW,TR,UY,US,GB,AD,LI,MC,ID,TH,VN,RO,IL,ZA,SA,AE,BH,QA,OM,KW,EG,MA,DZ,TN,LB,JO,PS,IN,BY,KZ,MD,UA,AL,BA,HR,ME,MK,RS,SI,KR,BD,PK,LK,GH,KE,NG,TZ,UG,AG,AM,BS,BB,BZ,BT,BW,BF,CV,CW,DM,FJ,GM,GE,GD,GW,GY,HT,JM,KI,LS,LR,MW,MV,ML,MH,FM,NA,NR,NE,PW,PG,PR,WS,SM,ST,SN,SC,SL,SB,KN,LC,VC,SR,TL,TO,TT,TV,VU,AZ,BN,BI,KH,CM,TD,KM,GQ,SZ,GA,GN,KG,LA,MO,MR,MN,NP,RW,TG,UZ,ZW,BJ,MG,MU,MZ,AO,CI,DJ,ZM,CD,CG,IQ,LY,TJ,VE,ET,XK",track,One Summer Day,album,21,Joe Hisaishi,"anime,anime score,japanese classical,japanese soundtrack,orchestral soundtrack",artist,1,189800,64,0.41,0.196,0,-15.956,1,0.0383,0.953,0.892,0.0974,0.0622,78.823,audio_features,3gFQOMoUwlR6aUZj81gCzu,https://api.spotify.com/v1/tracks/3gFQOMoUwlR6aUZj81gCzu,4
2022-11-01T20:17:43Z,02/07/1997,"AR,AU,AT,BE,BO,BR,BG,CA,CL,CO,CR,CY,CZ,DK,DO,DE,EC,EE,SV,FI,FR,GR,GT,HN,HK,HU,IS,IE,IT,LV,LT,LU,MY,MT,MX,NL,NZ,NI,NO,PA,PY,PE,PH,PL,PT,SG,SK,ES,SE,CH,TW,TR,UY,US,GB,AD,LI,MC,ID,TH,VN,RO,IL,ZA,SA,AE,BH,QA,OM,KW,EG,MA,DZ,TN,LB,JO,PS,IN,BY,KZ,MD,UA,AL,BA,HR,ME,MK,RS,SI,KR,BD,PK,LK,GH,KE,NG,TZ,UG,AG,AM,BS,BB,BZ,BT,BW,BF,CV,CW,DM,FJ,GM,GE,GD,GW,GY,HT,JM,KI,LS,LR,MW,MV,ML,MH,FM,NA,NR,NE,PW,PG,PR,WS,SM,ST,SN,SC,SL,SB,KN,LC,VC,SR,TL,TO,TT,TV,VU,AZ,BN,BI,KH,CM,TD,KM,GQ,SZ,GA,GN,KG,LA,MO,MR,MN,NP,RW,TG,UZ,ZW,BJ,MG,MU,MZ,AO,CI,DJ,ZM,CD,CG,IQ,LY,TJ,VE,ET,XK",track,The Legend of Ashitaka,album,33,Joe Hisaishi,"anime,anime score,japanese classical,japanese soundtrack,orchestral soundtrack",artist,1,99626,45,0.105,0.0948,5,-15.682,0,0.0387,0.965,0.915,0.209,0.0471,80.378,audio_features,6JqEDCqvAQx4F1D8TuQMw1,https://api.spotify.com/v1/tracks/6JqEDCqvAQx4F1D8TuQMw1,4
2022-11-01T20:31:32Z,18/05/2011,"AR,AU,AT,BE,BO,BR,BG,CA,CL,CO,CR,CY,CZ,DK,DO,DE,EC,EE,SV,FI,FR,GR,GT,HN,HK,HU,IS,IE,IT,LV,LT,LU,MY,MT,MX,NL,NZ,NI,NO,PA,PY,PE,PH,PL,PT,SG,SK,ES,SE,CH,TW,TR,UY,US,GB,AD,LI,MC,ID,TH,VN,RO,IL,ZA,SA,AE,BH,QA,OM,KW,EG,MA,DZ,TN,LB,JO,PS,IN,BY,KZ,MD,UA,AL,BA,HR,ME,MK,RS,SI,KR,BD,PK,LK,GH,KE,NG,TZ,UG,AG,AM,BS,BB,BZ,BT,BW,BF,CV,CW,DM,FJ,GM,GE,GD,GW,GY,HT,JM,KI,LS,LR,MW,MV,ML,MH,FM,NA,NR,NE,PW,PG,PR,WS,SM,ST,SN,SC,SL,SB,KN,LC,VC,SR,TL,TO,TT,TV,VU,AZ,BN,BI,KH,CM,TD,KM,GQ,SZ,GA,GN,KG,LA,MO,MR,MN,NP,RW,TG,UZ,ZW,BJ,MG,MU,MZ,AO,CI,DJ,ZM,CD,CG,IQ,LY,TJ,VE,ET,XK",track,Summer of Farewells - From Up On Poppy Hill - inst,album,28,Satoshi Takebe,anime score,artist,27,163613,37,0.516,0.0778,4,-21.398,0,0.0695,0.985,0.886,0.123,0.179,71.093,audio_features,22xTHvzQpnqMtYd5fbYFrA,https://api.spotify.com/v1/tracks/22xTHvzQpnqMtYd5fbYFrA,3
2022-11-02T00:21:54Z,15/09/2017,"AR,AU,AT,BE,BO,BR,BG,CA,CL,CO,CR,CY,CZ,DK,DO,DE,EC,EE,SV,FI,FR,GR,GT,HN,HK,HU,IS,IE,IT,LV,LT,LU,MY,MT,MX,NL,NZ,NI,NO,PA,PY,PE,PH,PL,PT,SG,SK,ES,SE,CH,TW,TR,UY,US,GB,AD,LI,MC,ID,JP,TH,VN,RO,IL,ZA,SA,AE,BH,QA,OM,KW,EG,MA,DZ,TN,LB,JO,PS,IN,BY,KZ,MD,UA,AL,BA,HR,ME,MK,RS,SI,KR,BD,PK,LK,GH,KE,NG,TZ,UG,AG,AM,BS,BB,BZ,BT,BW,BF,CV,CW,DM,FJ,GM,GE,GD,GW,GY,HT,JM,KI,LS,LR,MW,MV,ML,MH,FM,NA,NR,NE,PW,PG,PR,WS,SM,ST,SN,SC,SL,SB,KN,LC,VC,SR,TL,TO,TT,TV,VU,AZ,BN,BI,KH,CM,TD,KM,GQ,SZ,GA,GN,KG,LA,MO,MR,MN,NP,RW,TG,UZ,ZW,BJ,MG,MU,MZ,AO,CI,DJ,ZM,CD,CG,IQ,LY,TJ,VE,ET,XK",track,The Only Way is Down,album,32,Thomas Newman,"orchestral soundtrack,soundtrack",artist,21,73572,60,0.27,0.00858,1,-33.835,1,0.0407,0.917,0.153,0.0809,0.116,48.028,audio_features,2NRClj4jFGy35kmAooFcTN,https://api.spotify.com/v1/tracks/2NRClj4jFGy35kmAooFcTN,4
2023-01-25T05:28:00Z,2005,"AR,AU,AT,BE,BO,BR,BG,CA,CL,CO,CR,CY,CZ,DK,DO,DE,EC,EE,SV,FI,FR,GR,GT,HN,HK,HU,IS,IE,IT,LV,LT,LU,MY,MT,MX,NL,NZ,NI,NO,PA,PY,PE,PH,PL,PT,SG,SK,ES,SE,CH,TW,TR,UY,US,GB,AD,LI,MC,ID,JP,TH,VN,RO,IL,ZA,SA,AE,BH,QA,OM,KW,EG,MA,DZ,TN,LB,JO,PS,IN,KZ,MD,UA,AL,BA,HR,ME,MK,RS,SI,KR,BD,PK,LK,GH,KE,NG,TZ,UG,AG,AM,BS,BB,BZ,BT,BW,BF,CV,CW,DM,FJ,GM,GE,GD,GW,GY,HT,JM,KI,LS,LR,MW,MV,ML,MH,FM,NA,NR,NE,PW,PG,WS,SM,ST,SN,SC,SL,SB,KN,LC,VC,SR,TL,TO,TT,TV,VU,AZ,BN,BI,KH,CM,TD,KM,GQ,SZ,GA,GN,KG,LA,MO,MR,MN,NP,RW,TG,UZ,ZW,BJ,MG,MU,MZ,AO,CI,DJ,ZM,CD,CG,IQ,LY,TJ,VE,ET,XK",track,Farewell Cordelia,album,21,Robert J. Kral,,artist,19,69506,4,0.107,0.075,9,-19.273,0,0.0494,0.757,0.911,0.102,0.0315,92.807,audio_features,2yw5yoWEvOxAMGIWLN08uU,https://api.spotify.com/v1/tracks/2yw5yoWEvOxAMGIWLN08uU,3
2023-02-02T16:58:21Z,22/07/2016,"AR,AU,AT,BE,BO,BR,BG,CA,CL,CO,CR,CY,CZ,DK,DO,DE,EC,EE,SV,FI,FR,GR,GT,HN,HK,HU,IS,IE,IT,LV,LT,LU,MY,MT,MX,NL,NZ,NI,NO,PA,PY,PE,PH,PL,PT,SG,SK,ES,SE,CH,TW,TR,UY,US,GB,AD,LI,MC,ID,JP,TH,VN,RO,IL,ZA,SA,AE,BH,QA,OM,KW,EG,MA,DZ,TN,LB,JO,PS,IN,BY,KZ,MD,UA,AL,BA,HR,ME,MK,RS,SI,KR,BD,PK,LK,GH,KE,NG,TZ,UG,AG,AM,BS,BB,BZ,BT,BW,BF,CV,CW,DM,FJ,GM,GE,GD,GW,GY,HT,JM,KI,LS,LR,MW,MV,ML,MH,FM,NA,NR,NE,PW,PG,WS,SM,ST,SN,SC,SL,SB,KN,LC,VC,SR,TL,TO,TT,TV,VU,AZ,BN,BI,KH,CM,TD,KM,GQ,SZ,GA,GN,KG,LA,MO,MR,MN,NP,RW,TG,UZ,ZW,BJ,MG,MU,MZ,AO,CI,DJ,ZM,CD,CG,IQ,LY,TJ,VE,ET,XK",track,Harnessing Anger,album,29,Blake Neely,"orchestral soundtrack,soundtrack",artist,16,124773,24,0.391,0.214,2,-18.899,0,0.0343,0.757,0.943,0.11,0.0337,106.196,audio_features,2NCAet6ray0eGJhjPpYgrl,https://api.spotify.com/v1/tracks/2NCAet6ray0eGJhjPpYgrl,3
2023-02-03T00:22:59Z,12/10/2018,"AR,AU,AT,BE,BO,BR,BG,CA,CL,CO,CR,CY,CZ,DK,DO,DE,EC,EE,SV,FI,FR,GR,GT,HN,HK,HU,IS,IE,IT,LV,LT,LU,MY,MT,MX,NL,NZ,NI,NO,PA,PY,PE,PH,PL,PT,SG,SK,ES,SE,CH,TW,TR,UY,US,GB,AD,LI,MC,ID,JP,TH,VN,RO,IL,ZA,SA,AE,BH,QA,OM,KW,EG,MA,DZ,TN,LB,JO,PS,IN,KZ,MD,UA,AL,BA,HR,ME,MK,SI,KR,BD,PK,LK,GH,KE,NG,TZ,UG,AG,AM,BS,BB,BZ,BT,BW,BF,CV,CW,DM,FJ,GM,GE,GD,GW,GY,HT,JM,KI,LS,LR,MW,MV,ML,MH,FM,NA,NR,NE,PW,PG,PR,WS,SM,ST,SN,SC,SL,SB,KN,LC,VC,SR,TL,TO,TT,TV,VU,AZ,BN,KH,CM,TD,KM,GQ,SZ,GA,GN,KG,LA,MO,MR,MN,NP,RW,TG,UZ,BJ,MG,MU,MZ,AO,DJ,ZM,CG,TJ,VE,ET",track,"Whatever Walked There, Walked Alone",album,27,The Newton Brothers,soundtrack,artist,7,64640,40,0.255,0.0393,0,-27.549,0,0.0433,0.973,0.949,0.0775,0.0649,110.145,audio_features,22FpIMXlCuIzAANXGnx5pD,https://api.spotify.com/v1/tracks/22FpIMXlCuIzAANXGnx5pD,4
2023-02-03T00:52:13Z,13/01/2015,"AR,AU,AT,BE,BO,BR,BG,CA,CL,CO,CR,CY,CZ,DK,DO,DE,EC,EE,SV,FI,FR,GR,GT,HN,HK,HU,IS,IE,IT,LV,LT,LU,MY,MT,MX,NL,NZ,NI,NO,PA,PY,PE,PH,PL,PT,SG,SK,ES,SE,CH,TW,TR,UY,US,GB,AD,LI,MC,ID,TH,VN,RO,IL,ZA,SA,AE,BH,QA,OM,KW,EG,MA,DZ,TN,LB,JO,PS,IN,BY,KZ,MD,UA,AL,BA,HR,ME,MK,RS,SI,KR,BD,PK,LK,GH,KE,NG,TZ,UG,AG,AM,BS,BB,BZ,BT,BW,BF,CV,CW,DM,FJ,GM,GE,GD,GW,GY,HT,JM,KI,LS,LR,MW,MV,ML,MH,FM,NA,NR,NE,PW,PG,PR,WS,SM,ST,SN,SC,SL,SB,KN,LC,VC,SR,TL,TO,TT,TV,VU,AZ,BN,BI,KH,CM,TD,KM,GQ,SZ,GA,GN,KG,LA,MO,MR,MN,NP,RW,TG,UZ,ZW,BJ,MG,MU,MZ,AO,CI,DJ,ZM,CD,CG,IQ,LY,TJ,VE,ET,XK",track,Butterfly,album,14,Ilan Eshkeri,"british soundtrack,orchestral soundtrack,soundtrack",artist,7,97546,39,0.211,0.103,4,-16.54,0,0.0448,0.966,0.775,0.106,0.0421,72.091,audio_features,7kEtW9bqmqZeBzS2hRYSj6,https://api.spotify.com/v1/tracks/7kEtW9bqmqZeBzS2hRYSj6,5
2023-02-03T18:58:37Z,26/05/2013,"AR,AU,AT,BE,BO,BR,BG,CA,CL,CO,CR,CY,CZ,DK,DO,DE,EC,EE,SV,FI,FR,GR,GT,HN,HK,HU,IS,IE,IT,LV,LT,LU,MY,MT,MX,NL,NZ,NI,NO,PA,PY,PE,PH,PL,PT,SG,SK,ES,SE,CH,TW,TR,UY,US,GB,AD,LI,MC,ID,JP,TH,VN,RO,IL,ZA,SA,AE,BH,QA,OM,KW,EG,MA,DZ,TN,LB,JO,PS,IN,BY,KZ,MD,UA,AL,BA,HR,ME,MK,RS,SI,KR,BD,PK,LK,GH,KE,NG,TZ,UG,AG,AM,BS,BB,BZ,BT,BW,BF,CV,CW,DM,FJ,GM,GE,GD,GW,GY,HT,JM,KI,LS,LR,MW,MV,ML,MH,FM,NA,NR,NE,PW,PG,PR,WS,SM,ST,SN,SC,SL,SB,KN,LC,VC,SR,TL,TO,TT,TV,VU,AZ,BN,BI,KH,CM,TD,KM,GQ,SZ,GA,GN,KG,LA,MO,MR,MN,NP,RW,TG,UZ,ZW,BJ,MG,MU,MZ,AO,CI,DJ,ZM,CD,CG,IQ,LY,TJ,VE,ET,XK",track,Drean,album,11,Cloud Boat,ambient pop,artist,4,164250,42,0.358,0.042,6,-21.407,0,0.047,0.962,0.148,0.0956,0.112,119.091,audio_features,6ILpfKzhDJjnL8cp38CpYt,https://api.spotify.com/v1/tracks/6ILpfKzhDJjnL8cp38CpYt,4
2023-02-03T19:28:07Z,21/04/2015,"AR,AU,AT,BE,BO,BR,BG,CA,CL,CO,CR,CY,CZ,DK,DO,DE,EC,EE,SV,FI,FR,GR,GT,HN,HK,HU,IS,IE,IT,LV,LT,LU,MY,MT,MX,NL,NZ,NI,NO,PA,PY,PE,PH,PL,PT,SG,SK,ES,SE,CH,TW,TR,UY,US,GB,AD,LI,MC,ID,JP,TH,VN,RO,IL,ZA,SA,AE,BH,QA,OM,KW,EG,MA,DZ,TN,LB,JO,PS,IN,BY,KZ,MD,UA,AL,BA,HR,ME,MK,RS,SI,KR,BD,PK,LK,GH,KE,NG,TZ,UG,AG,AM,BS,BB,BZ,BT,BW,BF,CV,CW,DM,FJ,GM,GE,GD,GW,GY,HT,JM,KI,LS,LR,MW,MV,ML,MH,FM,NA,NR,NE,PW,PG,PR,WS,SM,ST,SN,SC,SL,SB,KN,LC,VC,SR,TL,TO,TT,TV,VU,AZ,BN,BI,KH,CM,TD,KM,GQ,SZ,GA,GN,KG,LA,MO,MR,MN,NP,RW,TG,UZ,ZW,BJ,MG,MU,MZ,AO,CI,DJ,ZM,CD,CG,IQ,LY,TJ,VE,ET,XK",track,Don't Leave Me Hanging,album,13,Great Lake Swimmers,"canadian indie,canadian indie folk,canadian singer-songwriter,chamber pop,indie folk,ontario indie,stomp and holler,toronto indie",artist,4,191853,28,0.396,0.381,7,-11.736,1,0.0289,0.64,0.00352,0.111,0.228,73.236,audio_features,5EpS9Caok53WCslfjDHJeB,https://api.spotify.com/v1/tracks/5EpS9Caok53WCslfjDHJeB,4
2023-02-03T20:55:22Z,04/03/2013,"AR,AU,BE,BO,BR,BG,CA,CL,CO,CR,CY,CZ,DK,DO,EC,EE,SV,FI,FR,GR,GT,HN,HK,HU,IS,IE,IT,LV,LT,LU,MY,MT,MX,NL,NZ,NI,NO,PA,PY,PE,PH,PL,PT,SG,SK,ES,SE,TW,TR,UY,US,GB,AD,LI,MC,ID,JP,TH,VN,RO,IL,ZA,SA,AE,BH,QA,OM,KW,EG,MA,DZ,TN,LB,JO,PS,IN,BY,KZ,MD,UA,AL,BA,HR,MK,SI,KR,BD,PK,LK,GH,KE,NG,TZ,UG,AG,AM,BS,BB,BZ,BT,BW,BF,CV,CW,DM,FJ,GM,GE,GD,GW,GY,HT,JM,KI,LS,LR,MW,MV,ML,MH,FM,NA,NR,NE,PW,PG,PR,WS,SM,ST,SN,SC,SL,SB,KN,LC,VC,SR,TL,TO,TT,TV,VU,AZ,BN,BI,KH,CM,TD,KM,GQ,SZ,GA,GN,KG,LA,MO,MR,MN,NP,RW,TG,UZ,ZW,BJ,MG,MU,MZ,AO,CI,DJ,ZM,CD,CG,IQ,LY,TJ,VE,ET",track,Turning to Rust,album,9,Ciaran Lavery,"british singer-songwriter,irish singer-songwriter",artist,8,255026,11,0.408,0.179,2,-13.623,1,0.0304,0.526,0.468,0.107,0.0627,90.043,audio_features,0JbfviaKk1E0GR15suV6q2,https://api.spotify.com/v1/tracks/0JbfviaKk1E0GR15suV6q2,3
2022-06-15T05:16:29Z,21/12/2021,"AR,AU,AT,BE,BO,BR,BG,CA,CL,CO,CR,CY,CZ,DK,DO,DE,EC,EE,SV,FI,FR,GR,GT,HN,HK,HU,IS,IE,IT,LV,LT,LU,MY,MT,MX,NL,NZ,NI,NO,PA,PY,PE,PH,PL,PT,SG,SK,ES,SE,CH,TW,TR,UY,US,GB,AD,LI,MC,ID,JP,TH,VN,RO,IL,ZA,SA,AE,BH,QA,OM,KW,EG,MA,DZ,TN,LB,JO,PS,IN,BY,KZ,MD,UA,AL,BA,HR,ME,MK,RS,SI,KR,BD,PK,LK,GH,KE,NG,TZ,UG,AG,AM,BS,BB,BZ,BT,BW,BF,CV,CW,DM,FJ,GM,GE,GD,GW,GY,HT,JM,KI,LS,LR,MW,MV,ML,MH,FM,NA,NR,NE,PW,PG,PR,WS,SM,ST,SN,SC,SL,SB,KN,LC,VC,SR,TL,TO,TT,TV,VU,AZ,BN,BI,KH,CM,TD,KM,GQ,SZ,GA,GN,KG,LA,MO,MR,MN,NP,RW,TG,UZ,ZW,BJ,MG,MU,MZ,AO,CI,DJ,ZM,CD,CG,IQ,LY,TJ,VE,ET,XK",track,I et andet liv,single,1,Minik Knudsen,sleep,artist,1,186500,56,0.0685,0.00769,7,-38.523,1,0.0439,0.991,0.859,0.107,0.111,74.874,audio_features,48UNHWGzRfk4AOKrCJM7XJ,https://api.spotify.com/v1/tracks/48UNHWGzRfk4AOKrCJM7XJ,3
2022-07-05T04:07:04Z,01/08/2017,"AR,AU,AT,BE,BO,BR,BG,CA,CL,CO,CR,CY,CZ,DK,DO,DE,EC,EE,SV,FI,FR,GR,GT,HN,HK,HU,IS,IE,IT,LV,LT,LU,MY,MT,MX,NL,NZ,NI,NO,PA,PY,PE,PH,PL,PT,SG,SK,ES,SE,CH,TW,TR,UY,US,GB,AD,LI,MC,ID,JP,TH,VN,RO,IL,ZA,SA,AE,BH,QA,OM,KW,EG,MA,DZ,TN,LB,JO,PS,IN,BY,KZ,MD,UA,AL,BA,HR,ME,MK,RS,SI,KR,BD,PK,LK,GH,KE,NG,TZ,UG,AG,AM,BS,BB,BZ,BT,BW,BF,CV,CW,DM,FJ,GM,GE,GD,GW,GY,HT,JM,KI,LS,LR,MW,MV,ML,MH,FM,NA,NR,NE,PW,PG,PR,WS,SM,ST,SN,SC,SL,SB,KN,LC,VC,SR,TL,TO,TT,TV,VU,AZ,BN,BI,KH,CM,TD,KM,GQ,SZ,GA,GN,KG,LA,MO,MR,MN,NP,RW,TG,UZ,ZW,BJ,MG,MU,MZ,AO,CI,DJ,ZM,CD,CG,IQ,LY,TJ,VE,ET,XK",track,Voidfish (Plural),single,1,Rachel Rose Mitchell,otacore,artist,1,394854,31,0.449,0.611,4,-9.163,1,0.0333,0.484,0.826,0.101,0.116,149.819,audio_features,0LRPWivGTYpRIdfwxTg5aH,https://api.spotify.com/v1/tracks/0LRPWivGTYpRIdfwxTg5aH,4
2023-02-04T03:09:43Z,17/06/2016,"AR,AU,AT,BE,BO,BR,BG,CA,CL,CO,CR,CY,CZ,DK,DO,DE,EC,EE,SV,FI,FR,GR,GT,HN,HK,HU,IS,IE,IT,LV,LT,LU,MY,MT,MX,NL,NZ,NI,NO,PA,PY,PE,PH,PL,PT,SG,SK,ES,SE,CH,TW,TR,UY,US,GB,AD,LI,MC,ID,JP,TH,VN,RO,IL,ZA,SA,AE,BH,QA,OM,KW,EG,MA,DZ,TN,LB,JO,PS,IN,BY,KZ,MD,UA,AL,BA,HR,ME,MK,RS,SI,BD,PK,LK,GH,KE,NG,TZ,UG,AG,AM,BS,BB,BZ,BT,BW,BF,CV,CW,DM,FJ,GM,GE,GD,GW,GY,HT,JM,KI,LS,LR,MW,MV,ML,MH,FM,NA,NR,NE,PW,PG,PR,WS,SM,ST,SN,SC,SL,SB,KN,LC,VC,SR,TL,TO,TT,TV,VU,AZ,BN,BI,KH,CM,TD,KM,GQ,SZ,GA,GN,KG,LA,MO,MR,MN,NP,RW,TG,UZ,ZW,BJ,MG,MU,MZ,AO,CI,DJ,ZM,CD,CG,IQ,LY,TJ,VE,ET,XK",track,The Only Family I Got,album,25,Thomas Wander,soundtrack,artist,9,61440,39,0.218,0.00808,2,-35.692,0,0.0458,0.986,0.947,0.0716,0.0699,54.861,audio_features,4upNtXKU0ry5ApLq9xIf8z,https://api.spotify.com/v1/tracks/4upNtXKU0ry5ApLq9xIf8z,3
2023-03-10T19:22:14Z,31/03/2021,"AR,AU,AT,BE,BO,BR,BG,CA,CL,CO,CR,CY,CZ,DK,DO,DE,EC,EE,SV,FI,FR,GR,GT,HN,HK,HU,IS,IE,IT,LV,LT,LU,MY,MT,MX,NL,NZ,NI,NO,PA,PY,PE,PH,PL,PT,SG,SK,ES,SE,CH,TW,TR,UY,US,GB,AD,LI,MC,ID,JP,TH,VN,RO,IL,ZA,SA,AE,BH,QA,OM,KW,EG,MA,DZ,TN,LB,JO,PS,IN,BY,KZ,MD,UA,AL,BA,HR,ME,MK,RS,SI,KR,BD,PK,LK,GH,KE,NG,TZ,UG,AG,AM,BS,BB,BZ,BT,BW,BF,CV,CW,DM,FJ,GM,GE,GD,GW,GY,HT,JM,KI,LS,LR,MW,MV,ML,MH,FM,NA,NR,NE,PW,PG,PR,WS,SM,ST,SN,SC,SL,SB,KN,LC,VC,SR,TL,TO,TT,TV,VU,AZ,BN,BI,KH,CM,TD,KM,GQ,SZ,GA,GN,KG,LA,MO,MR,MN,NP,RW,TG,UZ,ZW,BJ,MG,MU,MZ,AO,CI,DJ,ZM,CD,CG,IQ,LY,TJ,VE,ET,XK",track,Reprise (Piano Version),album,15,URE Relaxing,anime score,artist,9,122149,46,0.652,0.0761,7,-25.756,1,0.0337,0.991,0.896,0.11,0.247,84.011,audio_features,2X48buh8dKz3hUg1fp17Fs,https://api.spotify.com/v1/tracks/2X48buh8dKz3hUg1fp17Fs,3
2023-05-12T00:02:51Z,20/11/2021,,track,Guns for Hire (from the series Arcane League of Legends),album,11,League of Legends,chamber pop,artist,6,226460,48,0.266,0.298,3,-7.583,0,0.0293,0.29,0,0.117,0.104,140.119,audio_features,46ywPN36eLaRjQddouF83h,https://api.spotify.com/v1/tracks/46ywPN36eLaRjQddouF83h,4
2023-05-13T00:52:47Z,09/09/2016,"AR,AU,AT,BE,BO,BR,BG,CA,CL,CO,CR,CY,CZ,DK,DO,DE,EC,EE,SV,FI,FR,GR,GT,HN,HK,HU,IS,IE,IT,LV,LT,LU,MY,MT,MX,NL,NZ,NI,NO,PA,PY,PE,PH,PL,PT,SG,SK,ES,SE,CH,TW,TR,UY,US,GB,AD,LI,MC,ID,JP,TH,VN,RO,IL,ZA,SA,AE,BH,QA,OM,KW,EG,MA,DZ,TN,LB,JO,PS,IN,BY,KZ,MD,UA,AL,BA,HR,ME,MK,RS,SI,KR,BD,PK,LK,GH,KE,NG,TZ,UG,AG,AM,BS,BB,BZ,BT,BW,BF,CV,CW,DM,FJ,GM,GE,GD,GW,GY,HT,JM,KI,LS,LR,MW,MV,ML,MH,FM,NA,NR,NE,PW,PG,PR,WS,SM,ST,SN,SC,SL,SB,KN,LC,VC,SR,TL,TO,TT,TV,VU,AZ,BN,BI,KH,CM,TD,KM,GQ,SZ,GA,GN,KG,LA,MO,MR,MN,NP,RW,TG,UZ,ZW,BJ,MG,MU,MZ,AO,CI,DJ,ZM,CD,CG,IQ,LY,TJ,VE,ET,XK",track,Rain,album,7,Ed Carlsen,"compositional ambient,neo-classical",artist,4,273613,28,0.247,0.144,7,-19.993,0,0.0319,0.97,0.957,0.379,0.108,80.159,audio_features,1Lg5TvvQh73MU6jgkn42xj,https://api.spotify.com/v1/tracks/1Lg5TvvQh73MU6jgkn42xj,3
2023-05-19T10:55:23Z,06/12/2005,"AR,AU,AT,BE,BO,BR,BG,CA,CL,CO,CR,CY,CZ,DK,DO,DE,EC,EE,SV,FI,FR,GR,GT,HN,HK,HU,IS,IE,IT,LV,LT,LU,MY,MT,MX,NL,NZ,NI,NO,PA,PY,PE,PH,PL,PT,SG,SK,ES,SE,CH,TW,TR,UY,US,GB,AD,LI,MC,ID,JP,TH,VN,RO,IL,ZA,SA,AE,BH,QA,OM,KW,EG,MA,DZ,TN,LB,JO,PS,IN,BY,KZ,MD,UA,AL,BA,HR,ME,MK,RS,SI,KR,BD,PK,LK,GH,KE,NG,TZ,UG,AG,AM,BS,BB,BZ,BT,BW,BF,CV,CW,DM,FJ,GM,GE,GD,GW,GY,HT,JM,KI,LS,LR,MW,MV,ML,MH,FM,NA,NR,NE,PW,PG,WS,SM,ST,SN,SC,SL,SB,KN,LC,VC,SR,TL,TO,TT,TV,VU,AZ,BN,BI,KH,CM,TD,KM,GQ,SZ,GA,GN,KG,LA,MO,MR,MN,NP,RW,TG,UZ,ZW,BJ,MG,MU,MZ,AO,CI,DJ,ZM,CD,CG,IQ,LY,TJ,VE,ET,XK",track,Tennessee,album,9,Hans Zimmer,"german soundtrack,orchestral soundtrack,soundtrack",artist,2,219600,59,0.0753,0.163,0,-17.328,1,0.0402,0.89,0.936,0.115,0.0395,76.405,audio_features,2O0UWIMFeMtFR0LJMuIPjJ,https://api.spotify.com/v1/tracks/2O0UWIMFeMtFR0LJMuIPjJ,4
2023-05-19T10:59:26Z,06/12/2005,"AR,AU,AT,BE,BO,BR,BG,CA,CL,CO,CR,CY,CZ,DK,DO,DE,EC,EE,SV,FI,FR,GR,GT,HN,HK,HU,IS,IE,IT,LV,LT,LU,MY,MT,MX,NL,NZ,NI,NO,PA,PY,PE,PH,PL,PT,SG,SK,ES,SE,CH,TW,TR,UY,US,GB,AD,LI,MC,ID,JP,TH,VN,RO,IL,ZA,SA,AE,BH,QA,OM,KW,EG,MA,DZ,TN,LB,JO,PS,IN,BY,KZ,MD,UA,AL,BA,HR,ME,MK,RS,SI,KR,BD,PK,LK,GH,KE,NG,TZ,UG,AG,AM,BS,BB,BZ,BT,BW,BF,CV,CW,DM,FJ,GM,GE,GD,GW,GY,HT,JM,KI,LS,LR,MW,MV,ML,MH,FM,NA,NR,NE,PW,PG,WS,SM,ST,SN,SC,SL,SB,KN,LC,VC,SR,TL,TO,TT,TV,VU,AZ,BN,BI,KH,CM,TD,KM,GQ,SZ,GA,GN,KG,LA,MO,MR,MN,NP,RW,TG,UZ,ZW,BJ,MG,MU,MZ,AO,CI,DJ,ZM,CD,CG,IQ,LY,TJ,VE,ET,XK",track,Brothers,album,9,Hans Zimmer,"german soundtrack,orchestral soundtrack,soundtrack",artist,3,244293,44,0.0775,0.0631,5,-21.522,1,0.041,0.824,0.91,0.0922,0.038,175.466,audio_features,1iZ7Iic1SaWCvMXplKAjqs,https://api.spotify.com/v1/tracks/1iZ7Iic1SaWCvMXplKAjqs,3
2023-05-31T19:35:51Z,17/09/2013,,track,I Forgot Who I Was,album,29,Blake Neely,"orchestral soundtrack,soundtrack",artist,10,240920,0,0.0817,0.0865,7,-20.928,0,0.0469,0.723,0.967,0.0809,0.0356,83.615,audio_features,522gb58wBeL7YVm63o9jc2,https://api.spotify.com/v1/tracks/522gb58wBeL7YVm63o9jc2,4
2023-06-09T00:07:49Z,20/02/2023,,track,Secret - Instrumental,single,2,Louane,french pop,artist,2,189600,0,0.606,0.0964,8,-19.163,1,0.051,0.98,0.944,0.143,0.143,75.011,audio_features,1hlGfkkIBseCirI5Plz1z7,https://api.spotify.com/v1/tracks/1hlGfkkIBseCirI5Plz1z7,4
2023-08-03T05:41:02Z,25/03/2022,"AR,AU,AT,BE,BO,BR,BG,CA,CL,CO,CR,CY,CZ,DK,DO,DE,EC,EE,SV,FI,FR,GR,GT,HN,HK,HU,IS,IE,IT,LV,LT,LU,MY,MT,MX,NL,NZ,NI,NO,PA,PY,PE,PH,PL,PT,SG,SK,ES,SE,CH,TW,TR,UY,US,GB,AD,LI,MC,ID,JP,TH,VN,RO,IL,ZA,SA,AE,BH,QA,OM,KW,EG,MA,DZ,TN,LB,JO,PS,IN,BY,KZ,MD,UA,AL,BA,HR,ME,MK,RS,SI,KR,BD,PK,LK,GH,KE,NG,TZ,UG,AG,AM,BS,BB,BZ,BT,BW,BF,CV,CW,DM,FJ,GM,GE,GD,GW,GY,HT,JM,KI,LS,LR,MW,MV,ML,MH,FM,NA,NR,NE,PW,PG,PR,WS,SM,ST,SN,SC,SL,SB,KN,LC,VC,SR,TL,TO,TT,TV,VU,AZ,BN,BI,KH,CM,TD,KM,GQ,SZ,GA,GN,KG,LA,MO,MR,MN,NP,RW,TG,UZ,ZW,BJ,MG,MU,MZ,AO,CI,DJ,ZM,CD,CG,IQ,LY,TJ,VE,ET,XK",track,Spirited Away Theme,album,8,Lazy Vibes,,artist,2,153042,18,0.571,0.402,0,-14.874,1,0.0317,0.745,0.924,0.0948,0.186,83.005,audio_features,5Mb8pgCeCwqdFi7ZYooyhR,https://api.spotify.com/v1/tracks/5Mb8pgCeCwqdFi7ZYooyhR,4
2023-08-03T06:25:49Z,18/09/2013,"AR,AU,AT,BE,BO,BR,BG,CA,CL,CO,CR,CY,CZ,DK,DO,DE,EC,EE,SV,FI,FR,GR,GT,HN,HK,HU,IS,IE,IT,LV,LT,LU,MY,MT,MX,NL,NZ,NI,NO,PA,PY,PE,PH,PL,PT,SG,SK,ES,SE,CH,TW,TR,UY,US,GB,AD,LI,MC,ID,JP,TH,VN,RO,IL,ZA,SA,AE,BH,QA,OM,KW,EG,MA,DZ,TN,LB,JO,PS,IN,BY,KZ,MD,UA,AL,BA,HR,ME,MK,RS,SI,KR,BD,PK,LK,GH,KE,NG,TZ,UG,AG,AM,BS,BB,BZ,BT,BW,BF,CV,CW,DM,FJ,GM,GE,GD,GW,GY,HT,JM,KI,LS,LR,MW,MV,ML,MH,FM,NA,NR,NE,PW,PG,PR,WS,SM,ST,SN,SC,SL,SB,KN,LC,VC,SR,TL,TO,TT,TV,VU,AZ,BN,BI,KH,CM,TD,KM,GQ,SZ,GA,GN,KG,LA,MO,MR,MN,NP,RW,TG,UZ,ZW,BJ,MG,MU,MZ,AO,CI,DJ,ZM,CD,CG,IQ,LY,TJ,VE,ET,XK",track,"El Castillo Vagabundo (from ""Howl's Moving Castle"")",album,10,Cambatango,,artist,8,210173,28,0.399,0.231,2,-10.208,0,0.0418,0.822,0.237,0.103,0.269,181.229,audio_features,5sEqFSh3EnFlenhFvjpOme,https://api.spotify.com/v1/tracks/5sEqFSh3EnFlenhFvjpOme,3
2023-08-04T04:16:20Z,28/02/2020,"AR,AU,AT,BE,BO,BR,BG,CA,CL,CO,CR,CY,CZ,DK,DO,DE,EC,EE,SV,FI,FR,GR,GT,HN,HK,HU,IS,IE,IT,LV,LT,LU,MY,MT,MX,NL,NZ,NI,NO,PA,PY,PE,PH,PL,PT,SG,SK,ES,SE,CH,TW,TR,UY,US,GB,AD,LI,MC,ID,JP,TH,VN,RO,IL,ZA,SA,AE,BH,QA,OM,KW,EG,MA,DZ,TN,LB,JO,PS,IN,KZ,MD,UA,AL,BA,HR,ME,MK,SI,KR,BD,PK,LK,GH,KE,NG,TZ,UG,AG,AM,BS,BB,BZ,BT,BW,BF,CV,CW,DM,FJ,GM,GE,GD,GW,GY,HT,JM,KI,LS,LR,MW,MV,ML,MH,FM,NA,NR,NE,PW,PG,PR,WS,SM,ST,SN,SC,SL,SB,KN,LC,VC,SR,TL,TO,TT,TV,VU,AZ,BN,KH,CM,TD,KM,GQ,SZ,GA,GN,KG,LA,MO,MR,MN,NP,RW,TG,UZ,BJ,MG,MU,MZ,AO,CI,DJ,ZM,CG,TJ,VE,ET",track,"Shun Sono Tatakai (From ""Saint Seiya"") [Alernative Version]",single,3,Seiji Yokoyama,,artist,2,63134,38,0.396,0.0469,4,-23.762,0,0.0623,0.984,0.944,0.0999,0.164,101.717,audio_features,5EKHwtjLNbNdF8wrjmyREE,https://api.spotify.com/v1/tracks/5EKHwtjLNbNdF8wrjmyREE,3
2023-08-14T05:40:20Z,18/11/2016,"AR,AU,AT,BE,BO,BR,BG,CA,CL,CO,CR,CY,CZ,DK,DO,DE,EC,EE,SV,FI,FR,GR,GT,HN,HK,HU,IS,IE,IT,LV,LT,LU,MY,MT,MX,NL,NZ,NI,NO,PA,PY,PE,PH,PL,PT,SG,SK,ES,SE,CH,TW,TR,UY,US,GB,AD,LI,MC,ID,JP,TH,VN,RO,IL,ZA,SA,AE,BH,QA,OM,KW,EG,MA,DZ,TN,LB,JO,PS,IN,BY,KZ,MD,UA,AL,BA,HR,ME,MK,RS,SI,KR,BD,PK,LK,GH,KE,NG,TZ,UG,AG,AM,BS,BB,BZ,BT,BW,BF,CV,CW,DM,FJ,GM,GE,GD,GW,GY,HT,JM,KI,LS,LR,MW,MV,ML,MH,FM,NA,NR,NE,PW,PG,WS,SM,ST,SN,SC,SL,SB,KN,LC,VC,SR,TL,TO,TT,TV,VU,AZ,BN,BI,KH,CM,TD,KM,GQ,SZ,GA,GN,KG,LA,MO,MR,MN,NP,RW,TG,UZ,ZW,BJ,MG,MU,MZ,AO,CI,DJ,ZM,CD,CG,IQ,LY,TJ,VE,ET,XK",track,A Close Friend,album,17,James Newton Howard,"orchestral soundtrack,soundtrack",artist,12,111125,65,0.082,0.0158,9,-33.355,1,0.0466,0.976,0.988,0.0855,0.0377,170.441,audio_features,6e9OGvs2eyNWlJWoGBpabH,https://api.spotify.com/v1/tracks/6e9OGvs2eyNWlJWoGBpabH,3
2023-08-24T04:58:08Z,16/09/2014,"AR,AU,AT,BE,BO,BR,BG,CA,CL,CO,CR,CY,CZ,DK,DO,DE,EC,EE,SV,FI,FR,GR,GT,HN,HK,HU,IS,IE,IT,LV,LT,LU,MY,MT,MX,NL,NZ,NI,NO,PA,PY,PE,PH,PL,PT,SG,SK,ES,SE,CH,TW,TR,UY,US,GB,AD,LI,MC,ID,JP,TH,VN,RO,IL,ZA,SA,AE,BH,QA,OM,KW,EG,MA,DZ,TN,LB,JO,PS,IN,BY,KZ,MD,UA,AL,BA,HR,ME,MK,RS,SI,KR,BD,PK,LK,GH,KE,NG,TZ,UG,AG,AM,BS,BB,BZ,BT,BW,BF,CV,CW,DM,FJ,GM,GE,GD,GW,GY,HT,JM,KI,LS,LR,MW,MV,ML,MH,FM,NA,NR,NE,PW,PG,WS,SM,ST,SN,SC,SL,SB,KN,LC,VC,SR,TL,TO,TT,TV,VU,AZ,BN,BI,KH,CM,TD,KM,GQ,SZ,GA,GN,KG,LA,MO,MR,MN,NP,RW,TG,UZ,ZW,BJ,MG,MU,MZ,AO,CI,DJ,ZM,CD,CG,IQ,LY,TJ,VE,ET,XK",track,Get Your Soul Back,album,27,Blake Neely,"orchestral soundtrack,soundtrack",artist,14,147583,18,0.225,0.0105,2,-33.902,0,0.038,0.97,0.954,0.0706,0.038,66.154,audio_features,5EpuLrBP9WTdeVRzV8RmeD,https://api.spotify.com/v1/tracks/5EpuLrBP9WTdeVRzV8RmeD,3
2023-08-14T05:41:19Z,17/09/2013,"AR,AU,AT,BE,BO,BR,BG,CA,CL,CO,CR,CY,CZ,DK,DO,DE,EC,EE,SV,FI,FR,GR,GT,HN,HK,HU,IS,IE,IT,LV,LT,LU,MY,MT,MX,NL,NZ,NI,NO,PA,PY,PE,PH,PL,PT,SG,SK,ES,SE,CH,TW,TR,UY,US,GB,AD,LI,MC,ID,JP,TH,VN,RO,IL,ZA,SA,AE,BH,QA,OM,KW,EG,MA,DZ,TN,LB,JO,PS,IN,BY,KZ,MD,UA,AL,BA,HR,ME,MK,RS,SI,KR,BD,PK,LK,GH,KE,NG,TZ,UG,AG,AM,BS,BB,BZ,BT,BW,BF,CV,CW,DM,FJ,GM,GE,GD,GW,GY,HT,JM,KI,LS,LR,MW,MV,ML,MH,FM,NA,NR,NE,PW,PG,WS,SM,ST,SN,SC,SL,SB,KN,LC,VC,SR,TL,TO,TT,TV,VU,AZ,BN,BI,KH,CM,TD,KM,GQ,SZ,GA,GN,KG,LA,MO,MR,MN,NP,RW,TG,UZ,ZW,BJ,MG,MU,MZ,AO,CI,DJ,ZM,CD,CG,IQ,LY,TJ,VE,ET,XK",track,Loss and Regrets,album,29,Blake Neely,"orchestral soundtrack,soundtrack",artist,5,158293,20,0.209,0.028,8,-25.304,0,0.0389,0.929,0.984,0.0969,0.0384,73.119,audio_features,400U1Ke4ccRNOtvFol5MT1,https://api.spotify.com/v1/tracks/400U1Ke4ccRNOtvFol5MT1,3
2023-08-24T04:57:21Z,30/09/2016,"AR,AU,AT,BE,BO,BR,BG,CA,CL,CO,CR,CY,CZ,DK,DO,DE,EC,EE,SV,FI,FR,GR,GT,HN,HK,HU,IS,IE,IT,LV,LT,LU,MY,MT,MX,NL,NZ,NI,NO,PA,PY,PE,PH,PL,PT,SG,SK,ES,SE,CH,TW,TR,UY,US,GB,AD,LI,MC,ID,JP,TH,VN,RO,IL,ZA,SA,AE,BH,QA,OM,KW,EG,MA,DZ,TN,LB,JO,PS,IN,BY,KZ,MD,UA,AL,BA,HR,ME,MK,RS,SI,KR,BD,PK,LK,GH,KE,NG,TZ,UG,AG,AM,BS,BB,BZ,BT,BW,BF,CV,CW,DM,FJ,GM,GE,GD,GW,GY,HT,JM,KI,LS,LR,MW,MV,ML,MH,FM,NA,NR,NE,PW,PG,WS,SM,ST,SN,SC,SL,SB,KN,LC,VC,SR,TL,TO,TT,TV,VU,AZ,BN,BI,KH,CM,TD,KM,GQ,SZ,GA,GN,KG,LA,MO,MR,MN,NP,RW,TG,UZ,ZW,BJ,MG,MU,MZ,AO,CI,DJ,ZM,CD,CG,IQ,LY,TJ,VE,ET,XK",track,Canary Flies Away,album,23,Blake Neely,"orchestral soundtrack,soundtrack",artist,20,419786,8,0.154,0.241,7,-21.771,0,0.0432,0.556,0.89,0.204,0.0391,137.177,audio_features,5j15ZUXMHxe3vhqV6sb9uV,https://api.spotify.com/v1/tracks/5j15ZUXMHxe3vhqV6sb9uV,4
2024-02-04T06:08:51Z,02/06/2017,"AR,AU,AT,BE,BO,BR,BG,CA,CL,CO,CR,CY,CZ,DK,DO,DE,EC,EE,SV,FI,FR,GR,GT,HN,HK,HU,IS,IE,IT,LV,LT,LU,MY,MT,MX,NL,NZ,NI,NO,PA,PY,PE,PH,PL,PT,SG,SK,ES,SE,CH,TW,TR,UY,US,GB,AD,LI,MC,ID,JP,TH,VN,RO,IL,ZA,SA,AE,BH,QA,OM,KW,EG,MA,DZ,TN,LB,JO,PS,IN,KZ,MD,UA,AL,BA,HR,ME,MK,RS,SI,KR,BD,PK,LK,GH,KE,NG,TZ,UG,AG,AM,BS,BB,BZ,BT,BW,BF,CV,CW,DM,FJ,GM,GE,GD,GW,GY,HT,JM,KI,LS,LR,MW,MV,ML,MH,FM,NA,NR,NE,PW,PG,WS,SM,ST,SN,SC,SL,SB,KN,LC,VC,SR,TL,TO,TT,TV,VU,AZ,BN,BI,KH,CM,TD,KM,GQ,SZ,GA,GN,KG,LA,MO,MR,MN,NP,RW,TG,UZ,ZW,BJ,MG,MU,MZ,AO,CI,DJ,ZM,CD,CG,IQ,LY,TJ,VE,ET,XK",track,The Other Side,single,1,Ruelle,metropopolis,artist,1,252485,58,0.367,0.255,6,-8.187,0,0.033,0.92,2.38E-05,0.0944,0.196,136.876,audio_features,1fTzOcw64Xm0AxUsLcRHAZ,https://api.spotify.com/v1/tracks/1fTzOcw64Xm0AxUsLcRHAZ,4
2024-07-15T07:55:57Z,19/11/2004,"AR,AU,AT,BE,BO,BR,BG,CA,CL,CO,CR,CY,CZ,DK,DO,DE,EC,EE,SV,FI,FR,GR,GT,HN,HK,HU,IS,IE,IT,LV,LT,LU,MY,MT,MX,NL,NZ,NI,NO,PA,PY,PE,PH,PL,PT,SG,SK,ES,SE,CH,TW,TR,UY,US,GB,AD,LI,MC,ID,TH,VN,RO,IL,ZA,SA,AE,BH,QA,OM,KW,EG,MA,DZ,TN,LB,JO,PS,IN,BY,KZ,MD,UA,AL,BA,HR,ME,MK,RS,SI,KR,BD,PK,LK,GH,KE,NG,TZ,UG,AG,AM,BS,BB,BZ,BT,BW,BF,CV,CW,DM,FJ,GM,GE,GD,GW,GY,HT,JM,KI,LS,LR,MW,MV,ML,MH,FM,NA,NR,NE,PW,PG,PR,WS,SM,ST,SN,SC,SL,SB,KN,LC,VC,SR,TL,TO,TT,TV,VU,AZ,BN,BI,KH,CM,TD,KM,GQ,SZ,GA,GN,KG,LA,MO,MR,MN,NP,RW,TG,UZ,ZW,BJ,MG,MU,MZ,AO,CI,DJ,ZM,CD,CG,IQ,LY,TJ,VE,ET,XK",track,You're in Love,album,26,Joe Hisaishi,"anime,anime score,japanese classical,japanese soundtrack,orchestral soundtrack",artist,20,71800,63,0.526,0.0344,7,-27.855,0,0.11,0.996,0.924,0.118,0.208,67.101,audio_features,3Lsdp3mbD27MjxvTeFm0v3,https://api.spotify.com/v1/tracks/3Lsdp3mbD27MjxvTeFm0v3,4
2024-08-22T01:16:31Z,06/04/2015,"AR,AU,AT,BE,BO,BR,BG,CL,CO,CR,CY,CZ,DK,DO,DE,EC,EE,SV,FI,FR,GR,GT,HN,HK,HU,IS,IE,IT,LV,LT,LU,MY,MT,MX,NL,NZ,NI,NO,PA,PY,PE,PH,PL,PT,SG,SK,ES,SE,CH,TW,TR,UY,GB,AD,LI,MC,ID,JP,TH,VN,RO,IL,ZA,SA,AE,BH,QA,OM,KW,EG,MA,DZ,TN,LB,JO,PS,IN,BY,KZ,MD,UA,AL,BA,HR,ME,MK,RS,SI,KR,BD,PK,LK,GH,KE,NG,TZ,UG,AG,AM,BS,BB,BZ,BT,BW,BF,CV,CW,DM,FJ,GM,GE,GD,GW,GY,HT,JM,KI,LS,LR,MW,MV,ML,MH,FM,NA,NR,NE,PW,PG,WS,SM,ST,SN,SC,SL,SB,KN,LC,VC,SR,TL,TO,TT,TV,VU,AZ,BN,BI,KH,CM,TD,KM,GQ,SZ,GA,GN,KG,LA,MO,MR,MN,NP,RW,TG,UZ,ZW,BJ,MG,MU,MZ,AO,CI,DJ,ZM,CD,CG,IQ,LY,TJ,VE,ET,XK",track,The Night We Met,album,14,Lord Huron,"indie folk,stomp and holler",artist,14,208211,90,0.448,0.369,9,-9.514,1,0.0452,0.968,0.272,0.638,0.0998,174.097,audio_features,3hRV0jL3vUpRrcy398teAU,https://api.spotify.com/v1/tracks/3hRV0jL3vUpRrcy398teAU,3
2024-08-23T08:15:13Z,19/11/2004,"AR,AU,AT,BE,BO,BR,BG,CA,CL,CO,CR,CY,CZ,DK,DO,DE,EC,EE,SV,FI,FR,GR,GT,HN,HK,HU,IS,IE,IT,LV,LT,LU,MY,MT,MX,NL,NZ,NI,NO,PA,PY,PE,PH,PL,PT,SG,SK,ES,SE,CH,TW,TR,UY,US,GB,AD,LI,MC,ID,TH,VN,RO,IL,ZA,SA,AE,BH,QA,OM,KW,EG,MA,DZ,TN,LB,JO,PS,IN,BY,KZ,MD,UA,AL,BA,HR,ME,MK,RS,SI,KR,BD,PK,LK,GH,KE,NG,TZ,UG,AG,AM,BS,BB,BZ,BT,BW,BF,CV,CW,DM,FJ,GM,GE,GD,GW,GY,HT,JM,KI,LS,LR,MW,MV,ML,MH,FM,NA,NR,NE,PW,PG,PR,WS,SM,ST,SN,SC,SL,SB,KN,LC,VC,SR,TL,TO,TT,TV,VU,AZ,BN,BI,KH,CM,TD,KM,GQ,SZ,GA,GN,KG,LA,MO,MR,MN,NP,RW,TG,UZ,ZW,BJ,MG,MU,MZ,AO,CI,DJ,ZM,CD,CG,IQ,LY,TJ,VE,ET,XK",track,Opening Song - Merry-Go-Round of Life,album,26,Joe Hisaishi,"anime,anime score,japanese classical,japanese soundtrack,orchestral soundtrack",artist,1,153573,58,0.325,0.0947,2,-20.885,0,0.0333,0.906,0.869,0.571,0.0949,49.034,audio_features,3cIKojC2JBVIno9b35MJWn,https://api.spotify.com/v1/tracks/3cIKojC2JBVIno9b35MJWn,3
2024-08-25T07:20:03Z,22/07/2016,"AR,AU,AT,BE,BO,BR,BG,CA,CL,CO,CR,CY,CZ,DK,DO,DE,EC,EE,SV,FI,FR,GR,GT,HN,HK,HU,IS,IE,IT,LV,LT,LU,MY,MT,MX,NL,NZ,NI,NO,PA,PY,PE,PH,PL,PT,SG,SK,ES,SE,CH,TW,TR,UY,US,GB,AD,LI,MC,ID,JP,TH,VN,RO,IL,ZA,SA,AE,BH,QA,OM,KW,EG,MA,DZ,TN,LB,JO,PS,IN,BY,KZ,MD,UA,AL,BA,HR,ME,MK,RS,SI,KR,BD,PK,LK,GH,KE,NG,TZ,UG,AG,AM,BS,BB,BZ,BT,BW,BF,CV,CW,DM,FJ,GM,GE,GD,GW,GY,HT,JM,KI,LS,LR,MW,MV,ML,MH,FM,NA,NR,NE,PW,PG,WS,SM,ST,SN,SC,SL,SB,KN,LC,VC,SR,TL,TO,TT,TV,VU,AZ,BN,BI,KH,CM,TD,KM,GQ,SZ,GA,GN,KG,LA,MO,MR,MN,NP,RW,TG,UZ,ZW,BJ,MG,MU,MZ,AO,CI,DJ,ZM,CD,CG,IQ,LY,TJ,VE,ET,XK",track,Black Siren in Central City,album,26,Blake Neely,"orchestral soundtrack,soundtrack",artist,24,149720,7,0.26,0.556,9,-16.336,0,0.0661,0.269,0.944,0.148,0.104,81.018,audio_features,3XNHXMgdI6BdIiMYfvAxpJ,https://api.spotify.com/v1/tracks/3XNHXMgdI6BdIiMYfvAxpJ,4
2022-11-02T00:43:30Z,26/04/2019,"AR,AU,AT,BE,BO,BR,BG,CA,CL,CO,CR,CY,CZ,DK,DO,DE,EC,EE,SV,FI,FR,GR,GT,HN,HK,HU,IS,IE,IT,LV,LT,LU,MY,MT,MX,NL,NZ,NI,NO,PA,PY,PE,PH,PL,PT,SG,SK,ES,SE,CH,TW,TR,UY,US,GB,AD,LI,MC,ID,JP,TH,VN,RO,IL,ZA,SA,AE,BH,QA,OM,KW,EG,MA,DZ,TN,LB,JO,PS,IN,MD,UA,AL,BA,HR,ME,MK,RS,SI,KR,BD,PK,LK,GH,KE,NG,TZ,UG,AG,BS,BB,BZ,BT,BW,BF,CV,CW,DM,FJ,GM,GE,GD,GW,GY,HT,JM,KI,LS,LR,MW,MV,ML,MH,FM,NA,NR,NE,PW,PG,WS,SM,ST,SN,SC,SL,SB,KN,LC,VC,SR,TL,TO,TT,TV,VU,BN,BI,KH,CM,TD,KM,GQ,SZ,GA,GN,LA,MO,MR,MN,NP,RW,TG,ZW,BJ,MG,MU,MZ,AO,CI,DJ,ZM,CD,CG,IQ,LY,VE,ET,XK",track,Totally Fine,album,35,Alan Silvestri,"orchestral soundtrack,soundtrack",artist,1,269853,39,0.147,0.0168,7,-31.023,0,0.0426,0.906,0.769,0.108,0.0336,138.679,audio_features,10F9vRZJFsnB8KGesrzAPy,https://api.spotify.com/v1/tracks/10F9vRZJFsnB8KGesrzAPy,1
2022-11-02T00:43:30Z,26/04/2019,"AR,AU,AT,BE,BO,BR,BG,CA,CL,CO,CR,CY,CZ,DK,DO,DE,EC,EE,SV,FI,FR,GR,GT,HN,HK,HU,IS,IE,IT,LV,LT,LU,MY,MT,MX,NL,NZ,NI,NO,PA,PY,PE,PH,PL,PT,SG,SK,ES,SE,CH,TW,TR,UY,US,GB,AD,LI,MC,ID,JP,TH,VN,RO,IL,ZA,SA,AE,BH,QA,OM,KW,EG,MA,DZ,TN,LB,JO,PS,IN,MD,UA,AL,BA,HR,ME,MK,RS,SI,KR,BD,PK,LK,GH,KE,NG,TZ,UG,AG,BS,BB,BZ,BT,BW,BF,CV,CW,DM,FJ,GM,GE,GD,GW,GY,HT,JM,KI,LS,LR,MW,MV,ML,MH,FM,NA,NR,NE,PW,PG,WS,SM,ST,SN,SC,SL,SB,KN,LC,VC,SR,TL,TO,TT,TV,VU,BN,BI,KH,CM,TD,KM,GQ,SZ,GA,GN,LA,MO,MR,MN,NP,RW,TG,ZW,BJ,MG,MU,MZ,AO,CI,DJ,ZM,CD,CG,IQ,LY,VE,ET,XK",track,Arrival,album,35,Alan Silvestri,"orchestral soundtrack,soundtrack",artist,2,109613,37,0.103,0.0304,10,-28.06,1,0.0441,0.934,0.987,0.249,0.033,89.147,audio_features,1dnPfJiL7G3a84SaaJxyjU,https://api.spotify.com/v1/tracks/1dnPfJiL7G3a84SaaJxyjU,4
2022-11-02T00:43:30Z,26/04/2019,"AR,AU,AT,BE,BO,BR,BG,CA,CL,CO,CR,CY,CZ,DK,DO,DE,EC,EE,SV,FI,FR,GR,GT,HN,HK,HU,IS,IE,IT,LV,LT,LU,MY,MT,MX,NL,NZ,NI,NO,PA,PY,PE,PH,PL,PT,SG,SK,ES,SE,CH,TW,TR,UY,US,GB,AD,LI,MC,ID,JP,TH,VN,RO,IL,ZA,SA,AE,BH,QA,OM,KW,EG,MA,DZ,TN,LB,JO,PS,IN,MD,UA,AL,BA,HR,ME,MK,RS,SI,KR,BD,PK,LK,GH,KE,NG,TZ,UG,AG,BS,BB,BZ,BT,BW,BF,CV,CW,DM,FJ,GM,GE,GD,GW,GY,HT,JM,KI,LS,LR,MW,MV,ML,MH,FM,NA,NR,NE,PW,PG,WS,SM,ST,SN,SC,SL,SB,KN,LC,VC,SR,TL,TO,TT,TV,VU,BN,BI,KH,CM,TD,KM,GQ,SZ,GA,GN,LA,MO,MR,MN,NP,RW,TG,ZW,BJ,MG,MU,MZ,AO,CI,DJ,ZM,CD,CG,IQ,LY,VE,ET,XK",track,No Trust,album,35,Alan Silvestri,"orchestral soundtrack,soundtrack",artist,3,188986,30,0.379,0.0607,11,-25.31,1,0.0351,0.94,0.935,0.1,0.0374,92.146,audio_features,3kH7FFU3NIR3aIW6c7d0k7,https://api.spotify.com/v1/tracks/3kH7FFU3NIR3aIW6c7d0k7,3
2022-11-02T00:43:30Z,26/04/2019,"AR,AU,AT,BE,BO,BR,BG,CA,CL,CO,CR,CY,CZ,DK,DO,DE,EC,EE,SV,FI,FR,GR,GT,HN,HK,HU,IS,IE,IT,LV,LT,LU,MY,MT,MX,NL,NZ,NI,NO,PA,PY,PE,PH,PL,PT,SG,SK,ES,SE,CH,TW,TR,UY,US,GB,AD,LI,MC,ID,JP,TH,VN,RO,IL,ZA,SA,AE,BH,QA,OM,KW,EG,MA,DZ,TN,LB,JO,PS,IN,MD,UA,AL,BA,HR,ME,MK,RS,SI,KR,BD,PK,LK,GH,KE,NG,TZ,UG,AG,BS,BB,BZ,BT,BW,BF,CV,CW,DM,FJ,GM,GE,GD,GW,GY,HT,JM,KI,LS,LR,MW,MV,ML,MH,FM,NA,NR,NE,PW,PG,WS,SM,ST,SN,SC,SL,SB,KN,LC,VC,SR,TL,TO,TT,TV,VU,BN,BI,KH,CM,TD,KM,GQ,SZ,GA,GN,LA,MO,MR,MN,NP,RW,TG,ZW,BJ,MG,MU,MZ,AO,CI,DJ,ZM,CD,CG,IQ,LY,VE,ET,XK",track,Where Are They?,album,35,Alan Silvestri,"orchestral soundtrack,soundtrack",artist,4,192946,28,0.23,0.194,1,-15.726,1,0.0445,0.8,0.86,0.136,0.0437,104.801,audio_features,0stEBONXZQ10zXnJeiiWiS,https://api.spotify.com/v1/tracks/0stEBONXZQ10zXnJeiiWiS,5
2022-11-02T00:43:30Z,26/04/2019,"AR,AU,AT,BE,BO,BR,BG,CA,CL,CO,CR,CY,CZ,DK,DO,DE,EC,EE,SV,FI,FR,GR,GT,HN,HK,HU,IS,IE,IT,LV,LT,LU,MY,MT,MX,NL,NZ,NI,NO,PA,PY,PE,PH,PL,PT,SG,SK,ES,SE,CH,TW,TR,UY,US,GB,AD,LI,MC,ID,JP,TH,VN,RO,IL,ZA,SA,AE,BH,QA,OM,KW,EG,MA,DZ,TN,LB,JO,PS,IN,MD,UA,AL,BA,HR,ME,MK,RS,SI,KR,BD,PK,LK,GH,KE,NG,TZ,UG,AG,BS,BB,BZ,BT,BW,BF,CV,CW,DM,FJ,GM,GE,GD,GW,GY,HT,JM,KI,LS,LR,MW,MV,ML,MH,FM,NA,NR,NE,PW,PG,WS,SM,ST,SN,SC,SL,SB,KN,LC,VC,SR,TL,TO,TT,TV,VU,BN,BI,KH,CM,TD,KM,GQ,SZ,GA,GN,LA,MO,MR,MN,NP,RW,TG,ZW,BJ,MG,MU,MZ,AO,CI,DJ,ZM,CD,CG,IQ,LY,VE,ET,XK",track,Becoming Whole Again,album,35,Alan Silvestri,"orchestral soundtrack,soundtrack",artist,5,228066,27,0.241,0.0779,7,-29.503,1,0.0408,0.868,0.868,0.101,0.0373,99.727,audio_features,33vA2qI0OX20e9ci2xbgl8,https://api.spotify.com/v1/tracks/33vA2qI0OX20e9ci2xbgl8,4
2022-11-02T00:43:30Z,26/04/2019,"AR,AU,AT,BE,BO,BR,BG,CA,CL,CO,CR,CY,CZ,DK,DO,DE,EC,EE,SV,FI,FR,GR,GT,HN,HK,HU,IS,IE,IT,LV,LT,LU,MY,MT,MX,NL,NZ,NI,NO,PA,PY,PE,PH,PL,PT,SG,SK,ES,SE,CH,TW,TR,UY,US,GB,AD,LI,MC,ID,JP,TH,VN,RO,IL,ZA,SA,AE,BH,QA,OM,KW,EG,MA,DZ,TN,LB,JO,PS,IN,MD,UA,AL,BA,HR,ME,MK,RS,SI,KR,BD,PK,LK,GH,KE,NG,TZ,UG,AG,BS,BB,BZ,BT,BW,BF,CV,CW,DM,FJ,GM,GE,GD,GW,GY,HT,JM,KI,LS,LR,MW,MV,ML,MH,FM,NA,NR,NE,PW,PG,WS,SM,ST,SN,SC,SL,SB,KN,LC,VC,SR,TL,TO,TT,TV,VU,BN,BI,KH,CM,TD,KM,GQ,SZ,GA,GN,LA,MO,MR,MN,NP,RW,TG,ZW,BJ,MG,MU,MZ,AO,CI,DJ,ZM,CD,CG,IQ,LY,VE,ET,XK",track,I Figured It Out,album,35,Alan Silvestri,"orchestral soundtrack,soundtrack",artist,6,270564,26,0.109,0.00665,3,-32.744,1,0.0398,0.909,0.0334,0.128,0.036,69.687,audio_features,73ZyAH6howrpDW2OM2EGl4,https://api.spotify.com/v1/tracks/73ZyAH6howrpDW2OM2EGl4,4
2022-11-02T00:43:30Z,26/04/2019,"AR,AU,AT,BE,BO,BR,BG,CA,CL,CO,CR,CY,CZ,DK,DO,DE,EC,EE,SV,FI,FR,GR,GT,HN,HK,HU,IS,IE,IT,LV,LT,LU,MY,MT,MX,NL,NZ,NI,NO,PA,PY,PE,PH,PL,PT,SG,SK,ES,SE,CH,TW,TR,UY,US,GB,AD,LI,MC,ID,JP,TH,VN,RO,IL,ZA,SA,AE,BH,QA,OM,KW,EG,MA,DZ,TN,LB,JO,PS,IN,MD,UA,AL,BA,HR,ME,MK,RS,SI,KR,BD,PK,LK,GH,KE,NG,TZ,UG,AG,BS,BB,BZ,BT,BW,BF,CV,CW,DM,FJ,GM,GE,GD,GW,GY,HT,JM,KI,LS,LR,MW,MV,ML,MH,FM,NA,NR,NE,PW,PG,WS,SM,ST,SN,SC,SL,SB,KN,LC,VC,SR,TL,TO,TT,TV,VU,BN,BI,KH,CM,TD,KM,GQ,SZ,GA,GN,LA,MO,MR,MN,NP,RW,TG,ZW,BJ,MG,MU,MZ,AO,CI,DJ,ZM,CD,CG,IQ,LY,VE,ET,XK",track,Perfectly Not Confusing,album,35,Alan Silvestri,"orchestral soundtrack,soundtrack",artist,7,286226,24,0.161,0.0642,4,-25.046,0,0.0426,0.899,0.596,0.104,0.0367,65.874,audio_features,7c1s0k8bLkPozfv2wab3OF,https://api.spotify.com/v1/tracks/7c1s0k8bLkPozfv2wab3OF,4
2022-11-02T00:43:30Z,26/04/2019,"AR,AU,AT,BE,BO,BR,BG,CA,CL,CO,CR,CY,CZ,DK,DO,DE,EC,EE,SV,FI,FR,GR,GT,HN,HK,HU,IS,IE,IT,LV,LT,LU,MY,MT,MX,NL,NZ,NI,NO,PA,PY,PE,PH,PL,PT,SG,SK,ES,SE,CH,TW,TR,UY,US,GB,AD,LI,MC,ID,JP,TH,VN,RO,IL,ZA,SA,AE,BH,QA,OM,KW,EG,MA,DZ,TN,LB,JO,PS,IN,MD,UA,AL,BA,HR,ME,MK,RS,SI,KR,BD,PK,LK,GH,KE,NG,TZ,UG,AG,BS,BB,BZ,BT,BW,BF,CV,CW,DM,FJ,GM,GE,GD,GW,GY,HT,JM,KI,LS,LR,MW,MV,ML,MH,FM,NA,NR,NE,PW,PG,WS,SM,ST,SN,SC,SL,SB,KN,LC,VC,SR,TL,TO,TT,TV,VU,BN,BI,KH,CM,TD,KM,GQ,SZ,GA,GN,LA,MO,MR,MN,NP,RW,TG,ZW,BJ,MG,MU,MZ,AO,CI,DJ,ZM,CD,CG,IQ,LY,VE,ET,XK",track,You Shouldn't Be Here,album,35,Alan Silvestri,"orchestral soundtrack,soundtrack",artist,8,213120,27,0.13,0.263,1,-17.357,1,0.072,0.632,0.919,0.252,0.0342,77.218,audio_features,3Wiaj35aWig6R2JEGWF6Rd,https://api.spotify.com/v1/tracks/3Wiaj35aWig6R2JEGWF6Rd,4
2022-11-02T00:43:30Z,26/04/2019,"AR,AU,AT,BE,BO,BR,BG,CA,CL,CO,CR,CY,CZ,DK,DO,DE,EC,EE,SV,FI,FR,GR,GT,HN,HK,HU,IS,IE,IT,LV,LT,LU,MY,MT,MX,NL,NZ,NI,NO,PA,PY,PE,PH,PL,PT,SG,SK,ES,SE,CH,TW,TR,UY,US,GB,AD,LI,MC,ID,JP,TH,VN,RO,IL,ZA,SA,AE,BH,QA,OM,KW,EG,MA,DZ,TN,LB,JO,PS,IN,MD,UA,AL,BA,HR,ME,MK,RS,SI,KR,BD,PK,LK,GH,KE,NG,TZ,UG,AG,BS,BB,BZ,BT,BW,BF,CV,CW,DM,FJ,GM,GE,GD,GW,GY,HT,JM,KI,LS,LR,MW,MV,ML,MH,FM,NA,NR,NE,PW,PG,WS,SM,ST,SN,SC,SL,SB,KN,LC,VC,SR,TL,TO,TT,TV,VU,BN,BI,KH,CM,TD,KM,GQ,SZ,GA,GN,LA,MO,MR,MN,NP,RW,TG,ZW,BJ,MG,MU,MZ,AO,CI,DJ,ZM,CD,CG,IQ,LY,VE,ET,XK",track,The How Works,album,35,Alan Silvestri,"orchestral soundtrack,soundtrack",artist,9,230866,27,0.32,0.102,7,-25.427,1,0.0483,0.786,0.35,0.116,0.0995,177.842,audio_features,6Avh70x5r1yRZsm6EGxv9F,https://api.spotify.com/v1/tracks/6Avh70x5r1yRZsm6EGxv9F,3
2022-11-02T00:43:30Z,26/04/2019,"AR,AU,AT,BE,BO,BR,BG,CA,CL,CO,CR,CY,CZ,DK,DO,DE,EC,EE,SV,FI,FR,GR,GT,HN,HK,HU,IS,IE,IT,LV,LT,LU,MY,MT,MX,NL,NZ,NI,NO,PA,PY,PE,PH,PL,PT,SG,SK,ES,SE,CH,TW,TR,UY,US,GB,AD,LI,MC,ID,JP,TH,VN,RO,IL,ZA,SA,AE,BH,QA,OM,KW,EG,MA,DZ,TN,LB,JO,PS,IN,MD,UA,AL,BA,HR,ME,MK,RS,SI,KR,BD,PK,LK,GH,KE,NG,TZ,UG,AG,BS,BB,BZ,BT,BW,BF,CV,CW,DM,FJ,GM,GE,GD,GW,GY,HT,JM,KI,LS,LR,MW,MV,ML,MH,FM,NA,NR,NE,PW,PG,WS,SM,ST,SN,SC,SL,SB,KN,LC,VC,SR,TL,TO,TT,TV,VU,BN,BI,KH,CM,TD,KM,GQ,SZ,GA,GN,LA,MO,MR,MN,NP,RW,TG,ZW,BJ,MG,MU,MZ,AO,CI,DJ,ZM,CD,CG,IQ,LY,VE,ET,XK",track,Snap Out of It,album,35,Alan Silvestri,"orchestral soundtrack,soundtrack",artist,10,144653,26,0.0782,0.00745,0,-31.538,1,0.0429,0.947,0.475,0.0696,0.0379,81.85,audio_features,0m3QtLpVgg07bIF7pMyTQW,https://api.spotify.com/v1/tracks/0m3QtLpVgg07bIF7pMyTQW,3
2022-11-02T00:43:30Z,26/04/2019,"AR,AU,AT,BE,BO,BR,BG,CA,CL,CO,CR,CY,CZ,DK,DO,DE,EC,EE,SV,FI,FR,GR,GT,HN,HK,HU,IS,IE,IT,LV,LT,LU,MY,MT,MX,NL,NZ,NI,NO,PA,PY,PE,PH,PL,PT,SG,SK,ES,SE,CH,TW,TR,UY,US,GB,AD,LI,MC,ID,JP,TH,VN,RO,IL,ZA,SA,AE,BH,QA,OM,KW,EG,MA,DZ,TN,LB,JO,PS,IN,MD,UA,AL,BA,HR,ME,MK,RS,SI,KR,BD,PK,LK,GH,KE,NG,TZ,UG,AG,BS,BB,BZ,BT,BW,BF,CV,CW,DM,FJ,GM,GE,GD,GW,GY,HT,JM,KI,LS,LR,MW,MV,ML,MH,FM,NA,NR,NE,PW,PG,WS,SM,ST,SN,SC,SL,SB,KN,LC,VC,SR,TL,TO,TT,TV,VU,BN,BI,KH,CM,TD,KM,GQ,SZ,GA,GN,LA,MO,MR,MN,NP,RW,TG,ZW,BJ,MG,MU,MZ,AO,CI,DJ,ZM,CD,CG,IQ,LY,VE,ET,XK",track,So Many Stairs,album,35,Alan Silvestri,"orchestral soundtrack,soundtrack",artist,11,111588,22,0.612,0.219,0,-20.184,1,0.048,0.649,0.841,0.0909,0.0968,117.108,audio_features,7tuSSOgooWxdENdFG9PatZ,https://api.spotify.com/v1/tracks/7tuSSOgooWxdENdFG9PatZ,4
2022-11-02T00:43:30Z,26/04/2019,"AR,AU,AT,BE,BO,BR,BG,CA,CL,CO,CR,CY,CZ,DK,DO,DE,EC,EE,SV,FI,FR,GR,GT,HN,HK,HU,IS,IE,IT,LV,LT,LU,MY,MT,MX,NL,NZ,NI,NO,PA,PY,PE,PH,PL,PT,SG,SK,ES,SE,CH,TW,TR,UY,US,GB,AD,LI,MC,ID,JP,TH,VN,RO,IL,ZA,SA,AE,BH,QA,OM,KW,EG,MA,DZ,TN,LB,JO,PS,IN,MD,UA,AL,BA,HR,ME,MK,RS,SI,KR,BD,PK,LK,GH,KE,NG,TZ,UG,AG,BS,BB,BZ,BT,BW,BF,CV,CW,DM,FJ,GM,GE,GD,GW,GY,HT,JM,KI,LS,LR,MW,MV,ML,MH,FM,NA,NR,NE,PW,PG,WS,SM,ST,SN,SC,SL,SB,KN,LC,VC,SR,TL,TO,TT,TV,VU,BN,BI,KH,CM,TD,KM,GQ,SZ,GA,GN,LA,MO,MR,MN,NP,RW,TG,ZW,BJ,MG,MU,MZ,AO,CI,DJ,ZM,CD,CG,IQ,LY,VE,ET,XK",track,One Shot,album,35,Alan Silvestri,"orchestral soundtrack,soundtrack",artist,12,124173,37,0.179,0.385,4,-12.791,1,0.0538,0.71,0.874,0.069,0.125,81.887,audio_features,1yT8dOE9VJfZFcYuVCEEF8,https://api.spotify.com/v1/tracks/1yT8dOE9VJfZFcYuVCEEF8,4
2022-11-02T00:43:30Z,26/04/2019,"AR,AU,AT,BE,BO,BR,BG,CA,CL,CO,CR,CY,CZ,DK,DO,DE,EC,EE,SV,FI,FR,GR,GT,HN,HK,HU,IS,IE,IT,LV,LT,LU,MY,MT,MX,NL,NZ,NI,NO,PA,PY,PE,PH,PL,PT,SG,SK,ES,SE,CH,TW,TR,UY,US,GB,AD,LI,MC,ID,JP,TH,VN,RO,IL,ZA,SA,AE,BH,QA,OM,KW,EG,MA,DZ,TN,LB,JO,PS,IN,MD,UA,AL,BA,HR,ME,MK,RS,SI,KR,BD,PK,LK,GH,KE,NG,TZ,UG,AG,BS,BB,BZ,BT,BW,BF,CV,CW,DM,FJ,GM,GE,GD,GW,GY,HT,JM,KI,LS,LR,MW,MV,ML,MH,FM,NA,NR,NE,PW,PG,WS,SM,ST,SN,SC,SL,SB,KN,LC,VC,SR,TL,TO,TT,TV,VU,BN,BI,KH,CM,TD,KM,GQ,SZ,GA,GN,LA,MO,MR,MN,NP,RW,TG,ZW,BJ,MG,MU,MZ,AO,CI,DJ,ZM,CD,CG,IQ,LY,VE,ET,XK",track,Watch Each Other's Six,album,35,Alan Silvestri,"orchestral soundtrack,soundtrack",artist,13,236200,23,0.165,0.113,8,-19.62,1,0.0443,0.774,0.816,0.0831,0.05,130.488,audio_features,4Y31AT5cuhgD45tPMR7Unk,https://api.spotify.com/v1/tracks/4Y31AT5cuhgD45tPMR7Unk,5
2022-11-02T00:43:30Z,26/04/2019,"AR,AU,AT,BE,BO,BR,BG,CA,CL,CO,CR,CY,CZ,DK,DO,DE,EC,EE,SV,FI,FR,GR,GT,HN,HK,HU,IS,IE,IT,LV,LT,LU,MY,MT,MX,NL,NZ,NI,NO,PA,PY,PE,PH,PL,PT,SG,SK,ES,SE,CH,TW,TR,UY,US,GB,AD,LI,MC,ID,JP,TH,VN,RO,IL,ZA,SA,AE,BH,QA,OM,KW,EG,MA,DZ,TN,LB,JO,PS,IN,MD,UA,AL,BA,HR,ME,MK,RS,SI,KR,BD,PK,LK,GH,KE,NG,TZ,UG,AG,BS,BB,BZ,BT,BW,BF,CV,CW,DM,FJ,GM,GE,GD,GW,GY,HT,JM,KI,LS,LR,MW,MV,ML,MH,FM,NA,NR,NE,PW,PG,WS,SM,ST,SN,SC,SL,SB,KN,LC,VC,SR,TL,TO,TT,TV,VU,BN,BI,KH,CM,TD,KM,GQ,SZ,GA,GN,LA,MO,MR,MN,NP,RW,TG,ZW,BJ,MG,MU,MZ,AO,CI,DJ,ZM,CD,CG,IQ,LY,VE,ET,XK",track,I Can't Risk This,album,35,Alan Silvestri,"orchestral soundtrack,soundtrack",artist,14,288655,22,0.273,0.115,2,-15.914,1,0.0425,0.711,0.696,0.633,0.0382,136.272,audio_features,7hvxa8oGTd98UN5C2P0DuN,https://api.spotify.com/v1/tracks/7hvxa8oGTd98UN5C2P0DuN,4
2022-11-02T00:43:30Z,26/04/2019,"AR,AU,AT,BE,BO,BR,BG,CA,CL,CO,CR,CY,CZ,DK,DO,DE,EC,EE,SV,FI,FR,GR,GT,HN,HK,HU,IS,IE,IT,LV,LT,LU,MY,MT,MX,NL,NZ,NI,NO,PA,PY,PE,PH,PL,PT,SG,SK,ES,SE,CH,TW,TR,UY,US,GB,AD,LI,MC,ID,JP,TH,VN,RO,IL,ZA,SA,AE,BH,QA,OM,KW,EG,MA,DZ,TN,LB,JO,PS,IN,MD,UA,AL,BA,HR,ME,MK,RS,SI,KR,BD,PK,LK,GH,KE,NG,TZ,UG,AG,BS,BB,BZ,BT,BW,BF,CV,CW,DM,FJ,GM,GE,GD,GW,GY,HT,JM,KI,LS,LR,MW,MV,ML,MH,FM,NA,NR,NE,PW,PG,WS,SM,ST,SN,SC,SL,SB,KN,LC,VC,SR,TL,TO,TT,TV,VU,BN,BI,KH,CM,TD,KM,GQ,SZ,GA,GN,LA,MO,MR,MN,NP,RW,TG,ZW,BJ,MG,MU,MZ,AO,CI,DJ,ZM,CD,CG,IQ,LY,VE,ET,XK",track,He Gave It Away,album,35,Alan Silvestri,"orchestral soundtrack,soundtrack",artist,15,222573,21,0.103,0.0562,8,-23.868,1,0.0367,0.831,0.923,0.0946,0.0367,90.534,audio_features,4RitBNUY8uwasIEMZgvZvb,https://api.spotify.com/v1/tracks/4RitBNUY8uwasIEMZgvZvb,4
2022-11-02T00:43:30Z,26/04/2019,"AR,AU,AT,BE,BO,BR,BG,CA,CL,CO,CR,CY,CZ,DK,DO,DE,EC,EE,SV,FI,FR,GR,GT,HN,HK,HU,IS,IE,IT,LV,LT,LU,MY,MT,MX,NL,NZ,NI,NO,PA,PY,PE,PH,PL,PT,SG,SK,ES,SE,CH,TW,TR,UY,US,GB,AD,LI,MC,ID,JP,TH,VN,RO,IL,ZA,SA,AE,BH,QA,OM,KW,EG,MA,DZ,TN,LB,JO,PS,IN,MD,UA,AL,BA,HR,ME,MK,RS,SI,KR,BD,PK,LK,GH,KE,NG,TZ,UG,AG,BS,BB,BZ,BT,BW,BF,CV,CW,DM,FJ,GM,GE,GD,GW,GY,HT,JM,KI,LS,LR,MW,MV,ML,MH,FM,NA,NR,NE,PW,PG,WS,SM,ST,SN,SC,SL,SB,KN,LC,VC,SR,TL,TO,TT,TV,VU,BN,BI,KH,CM,TD,KM,GQ,SZ,GA,GN,LA,MO,MR,MN,NP,RW,TG,ZW,BJ,MG,MU,MZ,AO,CI,DJ,ZM,CD,CG,IQ,LY,VE,ET,XK",track,The Tool of a Thief,album,35,Alan Silvestri,"orchestral soundtrack,soundtrack",artist,16,178575,21,0.263,0.202,5,-18.424,1,0.0404,0.845,0.724,0.261,0.0363,125.892,audio_features,1y1M3gJ5BRKdBM8gNMdjzg,https://api.spotify.com/v1/tracks/1y1M3gJ5BRKdBM8gNMdjzg,3
2022-11-02T00:43:30Z,26/04/2019,"AR,AU,AT,BE,BO,BR,BG,CA,CL,CO,CR,CY,CZ,DK,DO,DE,EC,EE,SV,FI,FR,GR,GT,HN,HK,HU,IS,IE,IT,LV,LT,LU,MY,MT,MX,NL,NZ,NI,NO,PA,PY,PE,PH,PL,PT,SG,SK,ES,SE,CH,TW,TR,UY,US,GB,AD,LI,MC,ID,JP,TH,VN,RO,IL,ZA,SA,AE,BH,QA,OM,KW,EG,MA,DZ,TN,LB,JO,PS,IN,MD,UA,AL,BA,HR,ME,MK,RS,SI,KR,BD,PK,LK,GH,KE,NG,TZ,UG,AG,BS,BB,BZ,BT,BW,BF,CV,CW,DM,FJ,GM,GE,GD,GW,GY,HT,JM,KI,LS,LR,MW,MV,ML,MH,FM,NA,NR,NE,PW,PG,WS,SM,ST,SN,SC,SL,SB,KN,LC,VC,SR,TL,TO,TT,TV,VU,BN,BI,KH,CM,TD,KM,GQ,SZ,GA,GN,LA,MO,MR,MN,NP,RW,TG,ZW,BJ,MG,MU,MZ,AO,CI,DJ,ZM,CD,CG,IQ,LY,VE,ET,XK",track,The Measure of a Hero,album,35,Alan Silvestri,"orchestral soundtrack,soundtrack",artist,17,185914,25,0.183,0.0932,5,-23.573,1,0.0428,0.845,0.917,0.0501,0.037,63.379,audio_features,3YMcch46NC7X9Jm83F2pNI,https://api.spotify.com/v1/tracks/3YMcch46NC7X9Jm83F2pNI,4
2022-11-02T00:43:30Z,26/04/2019,"AR,AU,AT,BE,BO,BR,BG,CA,CL,CO,CR,CY,CZ,DK,DO,DE,EC,EE,SV,FI,FR,GR,GT,HN,HK,HU,IS,IE,IT,LV,LT,LU,MY,MT,MX,NL,NZ,NI,NO,PA,PY,PE,PH,PL,PT,SG,SK,ES,SE,CH,TW,TR,UY,US,GB,AD,LI,MC,ID,JP,TH,VN,RO,IL,ZA,SA,AE,BH,QA,OM,KW,EG,MA,DZ,TN,LB,JO,PS,IN,MD,UA,AL,BA,HR,ME,MK,RS,SI,KR,BD,PK,LK,GH,KE,NG,TZ,UG,AG,BS,BB,BZ,BT,BW,BF,CV,CW,DM,FJ,GM,GE,GD,GW,GY,HT,JM,KI,LS,LR,MW,MV,ML,MH,FM,NA,NR,NE,PW,PG,WS,SM,ST,SN,SC,SL,SB,KN,LC,VC,SR,TL,TO,TT,TV,VU,BN,BI,KH,CM,TD,KM,GQ,SZ,GA,GN,LA,MO,MR,MN,NP,RW,TG,ZW,BJ,MG,MU,MZ,AO,CI,DJ,ZM,CD,CG,IQ,LY,VE,ET,XK",track,Destiny Fulfilled,album,35,Alan Silvestri,"orchestral soundtrack,soundtrack",artist,18,245386,22,0.0979,0.108,5,-19.984,0,0.0438,0.851,0.917,0.117,0.0343,83.914,audio_features,6kmy3ZutEswDI4WbFTkaFk,https://api.spotify.com/v1/tracks/6kmy3ZutEswDI4WbFTkaFk,4
2022-11-02T00:43:30Z,26/04/2019,"AR,AU,AT,BE,BO,BR,BG,CA,CL,CO,CR,CY,CZ,DK,DO,DE,EC,EE,SV,FI,FR,GR,GT,HN,HK,HU,IS,IE,IT,LV,LT,LU,MY,MT,MX,NL,NZ,NI,NO,PA,PY,PE,PH,PL,PT,SG,SK,ES,SE,CH,TW,TR,UY,US,GB,AD,LI,MC,ID,JP,TH,VN,RO,IL,ZA,SA,AE,BH,QA,OM,KW,EG,MA,DZ,TN,LB,JO,PS,IN,MD,UA,AL,BA,HR,ME,MK,RS,SI,KR,BD,PK,LK,GH,KE,NG,TZ,UG,AG,BS,BB,BZ,BT,BW,BF,CV,CW,DM,FJ,GM,GE,GD,GW,GY,HT,JM,KI,LS,LR,MW,MV,ML,MH,FM,NA,NR,NE,PW,PG,WS,SM,ST,SN,SC,SL,SB,KN,LC,VC,SR,TL,TO,TT,TV,VU,BN,BI,KH,CM,TD,KM,GQ,SZ,GA,GN,LA,MO,MR,MN,NP,RW,TG,ZW,BJ,MG,MU,MZ,AO,CI,DJ,ZM,CD,CG,IQ,LY,VE,ET,XK",track,In Plain Sight,album,35,Alan Silvestri,"orchestral soundtrack,soundtrack",artist,19,194360,21,0.364,0.081,8,-23.279,1,0.0439,0.687,0.858,0.0658,0.039,119.989,audio_features,0NSAeaSMYTB3xRI8sG64Gi,https://api.spotify.com/v1/tracks/0NSAeaSMYTB3xRI8sG64Gi,4
2022-11-02T00:43:30Z,26/04/2019,"AR,AU,AT,BE,BO,BR,BG,CA,CL,CO,CR,CY,CZ,DK,DO,DE,EC,EE,SV,FI,FR,GR,GT,HN,HK,HU,IS,IE,IT,LV,LT,LU,MY,MT,MX,NL,NZ,NI,NO,PA,PY,PE,PH,PL,PT,SG,SK,ES,SE,CH,TW,TR,UY,US,GB,AD,LI,MC,ID,JP,TH,VN,RO,IL,ZA,SA,AE,BH,QA,OM,KW,EG,MA,DZ,TN,LB,JO,PS,IN,MD,UA,AL,BA,HR,ME,MK,RS,SI,KR,BD,PK,LK,GH,KE,NG,TZ,UG,AG,BS,BB,BZ,BT,BW,BF,CV,CW,DM,FJ,GM,GE,GD,GW,GY,HT,JM,KI,LS,LR,MW,MV,ML,MH,FM,NA,NR,NE,PW,PG,WS,SM,ST,SN,SC,SL,SB,KN,LC,VC,SR,TL,TO,TT,TV,VU,BN,BI,KH,CM,TD,KM,GQ,SZ,GA,GN,LA,MO,MR,MN,NP,RW,TG,ZW,BJ,MG,MU,MZ,AO,CI,DJ,ZM,CD,CG,IQ,LY,VE,ET,XK",track,How Do I Look?,album,35,Alan Silvestri,"orchestral soundtrack,soundtrack",artist,20,126973,20,0.149,0.266,8,-19.123,1,0.0534,0.676,0.774,0.109,0.24,89.275,audio_features,2v1dfdLp8yYkZM8GNj11pm,https://api.spotify.com/v1/tracks/2v1dfdLp8yYkZM8GNj11pm,5
2022-11-02T00:43:30Z,26/04/2019,"AR,AU,AT,BE,BO,BR,BG,CA,CL,CO,CR,CY,CZ,DK,DO,DE,EC,EE,SV,FI,FR,GR,GT,HN,HK,HU,IS,IE,IT,LV,LT,LU,MY,MT,MX,NL,NZ,NI,NO,PA,PY,PE,PH,PL,PT,SG,SK,ES,SE,CH,TW,TR,UY,US,GB,AD,LI,MC,ID,JP,TH,VN,RO,IL,ZA,SA,AE,BH,QA,OM,KW,EG,MA,DZ,TN,LB,JO,PS,IN,MD,UA,AL,BA,HR,ME,MK,RS,SI,KR,BD,PK,LK,GH,KE,NG,TZ,UG,AG,BS,BB,BZ,BT,BW,BF,CV,CW,DM,FJ,GM,GE,GD,GW,GY,HT,JM,KI,LS,LR,MW,MV,ML,MH,FM,NA,NR,NE,PW,PG,WS,SM,ST,SN,SC,SL,SB,KN,LC,VC,SR,TL,TO,TT,TV,VU,BN,BI,KH,CM,TD,KM,GQ,SZ,GA,GN,LA,MO,MR,MN,NP,RW,TG,ZW,BJ,MG,MU,MZ,AO,CI,DJ,ZM,CD,CG,IQ,LY,VE,ET,XK",track,Whatever It Takes,album,35,Alan Silvestri,"orchestral soundtrack,soundtrack",artist,21,176440,32,0.174,0.0609,0,-24.986,1,0.0393,0.774,0.774,0.137,0.0396,78.244,audio_features,35zhVX4ImcOIQOflv5Sg3B,https://api.spotify.com/v1/tracks/35zhVX4ImcOIQOflv5Sg3B,4
2022-11-02T00:43:30Z,26/04/2019,"AR,AU,AT,BE,BO,BR,BG,CA,CL,CO,CR,CY,CZ,DK,DO,DE,EC,EE,SV,FI,FR,GR,GT,HN,HK,HU,IS,IE,IT,LV,LT,LU,MY,MT,MX,NL,NZ,NI,NO,PA,PY,PE,PH,PL,PT,SG,SK,ES,SE,CH,TW,TR,UY,US,GB,AD,LI,MC,ID,JP,TH,VN,RO,IL,ZA,SA,AE,BH,QA,OM,KW,EG,MA,DZ,TN,LB,JO,PS,IN,MD,UA,AL,BA,HR,ME,MK,RS,SI,KR,BD,PK,LK,GH,KE,NG,TZ,UG,AG,BS,BB,BZ,BT,BW,BF,CV,CW,DM,FJ,GM,GE,GD,GW,GY,HT,JM,KI,LS,LR,MW,MV,ML,MH,FM,NA,NR,NE,PW,PG,WS,SM,ST,SN,SC,SL,SB,KN,LC,VC,SR,TL,TO,TT,TV,VU,BN,BI,KH,CM,TD,KM,GQ,SZ,GA,GN,LA,MO,MR,MN,NP,RW,TG,ZW,BJ,MG,MU,MZ,AO,CI,DJ,ZM,CD,CG,IQ,LY,VE,ET,XK",track,Not Good,album,35,Alan Silvestri,"orchestral soundtrack,soundtrack",artist,22,113653,32,0.148,0.218,9,-13.331,0,0.0398,0.878,0.972,0.0731,0.04,137.017,audio_features,4MFdxblYWOkXyUg0OYZoaX,https://api.spotify.com/v1/tracks/4MFdxblYWOkXyUg0OYZoaX,4
2022-11-02T00:43:30Z,26/04/2019,"AR,AU,AT,BE,BO,BR,BG,CA,CL,CO,CR,CY,CZ,DK,DO,DE,EC,EE,SV,FI,FR,GR,GT,HN,HK,HU,IS,IE,IT,LV,LT,LU,MY,MT,MX,NL,NZ,NI,NO,PA,PY,PE,PH,PL,PT,SG,SK,ES,SE,CH,TW,TR,UY,US,GB,AD,LI,MC,ID,JP,TH,VN,RO,IL,ZA,SA,AE,BH,QA,OM,KW,EG,MA,DZ,TN,LB,JO,PS,IN,MD,UA,AL,BA,HR,ME,MK,RS,SI,KR,BD,PK,LK,GH,KE,NG,TZ,UG,AG,BS,BB,BZ,BT,BW,BF,CV,CW,DM,FJ,GM,GE,GD,GW,GY,HT,JM,KI,LS,LR,MW,MV,ML,MH,FM,NA,NR,NE,PW,PG,WS,SM,ST,SN,SC,SL,SB,KN,LC,VC,SR,TL,TO,TT,TV,VU,BN,BI,KH,CM,TD,KM,GQ,SZ,GA,GN,LA,MO,MR,MN,NP,RW,TG,ZW,BJ,MG,MU,MZ,AO,CI,DJ,ZM,CD,CG,IQ,LY,VE,ET,XK",track,Gotta Get Out,album,35,Alan Silvestri,"orchestral soundtrack,soundtrack",artist,23,158453,20,0.185,0.298,5,-17.944,0,0.0752,0.827,0.931,0.0755,0.034,126.714,audio_features,1Zcmdl09M3SdEjTjMPTw1s,https://api.spotify.com/v1/tracks/1Zcmdl09M3SdEjTjMPTw1s,5
2022-11-02T00:43:30Z,26/04/2019,"AR,AU,AT,BE,BO,BR,BG,CA,CL,CO,CR,CY,CZ,DK,DO,DE,EC,EE,SV,FI,FR,GR,GT,HN,HK,HU,IS,IE,IT,LV,LT,LU,MY,MT,MX,NL,NZ,NI,NO,PA,PY,PE,PH,PL,PT,SG,SK,ES,SE,CH,TW,TR,UY,US,GB,AD,LI,MC,ID,JP,TH,VN,RO,IL,ZA,SA,AE,BH,QA,OM,KW,EG,MA,DZ,TN,LB,JO,PS,IN,MD,UA,AL,BA,HR,ME,MK,RS,SI,KR,BD,PK,LK,GH,KE,NG,TZ,UG,AG,BS,BB,BZ,BT,BW,BF,CV,CW,DM,FJ,GM,GE,GD,GW,GY,HT,JM,KI,LS,LR,MW,MV,ML,MH,FM,NA,NR,NE,PW,PG,WS,SM,ST,SN,SC,SL,SB,KN,LC,VC,SR,TL,TO,TT,TV,VU,BN,BI,KH,CM,TD,KM,GQ,SZ,GA,GN,LA,MO,MR,MN,NP,RW,TG,ZW,BJ,MG,MU,MZ,AO,CI,DJ,ZM,CD,CG,IQ,LY,VE,ET,XK",track,I Was Made for This,album,35,Alan Silvestri,"orchestral soundtrack,soundtrack",artist,24,277920,24,0.223,0.0673,0,-21.754,1,0.0369,0.804,0.493,0.0918,0.0383,71.035,audio_features,0nq9Nnsx5VrWoA3ldVBOjJ,https://api.spotify.com/v1/tracks/0nq9Nnsx5VrWoA3ldVBOjJ,4
2022-11-02T00:43:30Z,26/04/2019,"AR,AU,AT,BE,BO,BR,BG,CA,CL,CO,CR,CY,CZ,DK,DO,DE,EC,EE,SV,FI,FR,GR,GT,HN,HK,HU,IS,IE,IT,LV,LT,LU,MY,MT,MX,NL,NZ,NI,NO,PA,PY,PE,PH,PL,PT,SG,SK,ES,SE,CH,TW,TR,UY,US,GB,AD,LI,MC,ID,JP,TH,VN,RO,IL,ZA,SA,AE,BH,QA,OM,KW,EG,MA,DZ,TN,LB,JO,PS,IN,MD,UA,AL,BA,HR,ME,MK,RS,SI,KR,BD,PK,LK,GH,KE,NG,TZ,UG,AG,BS,BB,BZ,BT,BW,BF,CV,CW,DM,FJ,GM,GE,GD,GW,GY,HT,JM,KI,LS,LR,MW,MV,ML,MH,FM,NA,NR,NE,PW,PG,WS,SM,ST,SN,SC,SL,SB,KN,LC,VC,SR,TL,TO,TT,TV,VU,BN,BI,KH,CM,TD,KM,GQ,SZ,GA,GN,LA,MO,MR,MN,NP,RW,TG,ZW,BJ,MG,MU,MZ,AO,CI,DJ,ZM,CD,CG,IQ,LY,VE,ET,XK",track,Tres Amigos,album,35,Alan Silvestri,"orchestral soundtrack,soundtrack",artist,25,217572,23,0.102,0.214,7,-20.722,1,0.0422,0.59,0.725,0.104,0.0637,81.141,audio_features,3XnTrNxYEApNFamakfmg8d,https://api.spotify.com/v1/tracks/3XnTrNxYEApNFamakfmg8d,4
2022-11-02T00:43:30Z,26/04/2019,"AR,AU,AT,BE,BO,BR,BG,CA,CL,CO,CR,CY,CZ,DK,DO,DE,EC,EE,SV,FI,FR,GR,GT,HN,HK,HU,IS,IE,IT,LV,LT,LU,MY,MT,MX,NL,NZ,NI,NO,PA,PY,PE,PH,PL,PT,SG,SK,ES,SE,CH,TW,TR,UY,US,GB,AD,LI,MC,ID,JP,TH,VN,RO,IL,ZA,SA,AE,BH,QA,OM,KW,EG,MA,DZ,TN,LB,JO,PS,IN,MD,UA,AL,BA,HR,ME,MK,RS,SI,KR,BD,PK,LK,GH,KE,NG,TZ,UG,AG,BS,BB,BZ,BT,BW,BF,CV,CW,DM,FJ,GM,GE,GD,GW,GY,HT,JM,KI,LS,LR,MW,MV,ML,MH,FM,NA,NR,NE,PW,PG,WS,SM,ST,SN,SC,SL,SB,KN,LC,VC,SR,TL,TO,TT,TV,VU,BN,BI,KH,CM,TD,KM,GQ,SZ,GA,GN,LA,MO,MR,MN,NP,RW,TG,ZW,BJ,MG,MU,MZ,AO,CI,DJ,ZM,CD,CG,IQ,LY,VE,ET,XK",track,Tunnel Scape,album,35,Alan Silvestri,"orchestral soundtrack,soundtrack",artist,26,196410,22,0.157,0.254,8,-14.183,1,0.0438,0.799,0.831,0.152,0.0501,86.29,audio_features,3NCuN6jXcFqM3VGo7GIOkv,https://api.spotify.com/v1/tracks/3NCuN6jXcFqM3VGo7GIOkv,4
2022-11-02T00:43:30Z,26/04/2019,"AR,AU,AT,BE,BO,BR,BG,CA,CL,CO,CR,CY,CZ,DK,DO,DE,EC,EE,SV,FI,FR,GR,GT,HN,HK,HU,IS,IE,IT,LV,LT,LU,MY,MT,MX,NL,NZ,NI,NO,PA,PY,PE,PH,PL,PT,SG,SK,ES,SE,CH,TW,TR,UY,US,GB,AD,LI,MC,ID,JP,TH,VN,RO,IL,ZA,SA,AE,BH,QA,OM,KW,EG,MA,DZ,TN,LB,JO,PS,IN,MD,UA,AL,BA,HR,ME,MK,RS,SI,KR,BD,PK,LK,GH,KE,NG,TZ,UG,AG,BS,BB,BZ,BT,BW,BF,CV,CW,DM,FJ,GM,GE,GD,GW,GY,HT,JM,KI,LS,LR,MW,MV,ML,MH,FM,NA,NR,NE,PW,PG,WS,SM,ST,SN,SC,SL,SB,KN,LC,VC,SR,TL,TO,TT,TV,VU,BN,BI,KH,CM,TD,KM,GQ,SZ,GA,GN,LA,MO,MR,MN,NP,RW,TG,ZW,BJ,MG,MU,MZ,AO,CI,DJ,ZM,CD,CG,IQ,LY,VE,ET,XK",track,Worth It,album,35,Alan Silvestri,"orchestral soundtrack,soundtrack",artist,27,255533,28,0.189,0.489,8,-12.311,1,0.0487,0.65,0.857,0.122,0.0541,86.299,audio_features,30jtAHHb3VnxC8KOA3qc43,https://api.spotify.com/v1/tracks/30jtAHHb3VnxC8KOA3qc43,1
2022-11-02T00:43:30Z,26/04/2019,"AR,AU,AT,BE,BO,BR,BG,CA,CL,CO,CR,CY,CZ,DK,DO,DE,EC,EE,SV,FI,FR,GR,GT,HN,HK,HU,IS,IE,IT,LV,LT,LU,MY,MT,MX,NL,NZ,NI,NO,PA,PY,PE,PH,PL,PT,SG,SK,ES,SE,CH,TW,TR,UY,US,GB,AD,LI,MC,ID,JP,TH,VN,RO,IL,ZA,SA,AE,BH,QA,OM,KW,EG,MA,DZ,TN,LB,JO,PS,IN,MD,UA,AL,BA,HR,ME,MK,RS,SI,KR,BD,PK,LK,GH,KE,NG,TZ,UG,AG,BS,BB,BZ,BT,BW,BF,CV,CW,DM,FJ,GM,GE,GD,GW,GY,HT,JM,KI,LS,LR,MW,MV,ML,MH,FM,NA,NR,NE,PW,PG,WS,SM,ST,SN,SC,SL,SB,KN,LC,VC,SR,TL,TO,TT,TV,VU,BN,BI,KH,CM,TD,KM,GQ,SZ,GA,GN,LA,MO,MR,MN,NP,RW,TG,ZW,BJ,MG,MU,MZ,AO,CI,DJ,ZM,CD,CG,IQ,LY,VE,ET,XK",track,Portals,album,35,Alan Silvestri,"orchestral soundtrack,soundtrack",artist,28,197213,55,0.171,0.505,7,-10.525,1,0.0521,0.431,0.962,0.262,0.0796,92.613,audio_features,0OVtnS3l4vThGxkdqCxN6K,https://api.spotify.com/v1/tracks/0OVtnS3l4vThGxkdqCxN6K,4
2022-11-02T00:43:30Z,26/04/2019,"AR,AU,AT,BE,BO,BR,BG,CA,CL,CO,CR,CY,CZ,DK,DO,DE,EC,EE,SV,FI,FR,GR,GT,HN,HK,HU,IS,IE,IT,LV,LT,LU,MY,MT,MX,NL,NZ,NI,NO,PA,PY,PE,PH,PL,PT,SG,SK,ES,SE,CH,TW,TR,UY,US,GB,AD,LI,MC,ID,JP,TH,VN,RO,IL,ZA,SA,AE,BH,QA,OM,KW,EG,MA,DZ,TN,LB,JO,PS,IN,MD,UA,AL,BA,HR,ME,MK,RS,SI,KR,BD,PK,LK,GH,KE,NG,TZ,UG,AG,BS,BB,BZ,BT,BW,BF,CV,CW,DM,FJ,GM,GE,GD,GW,GY,HT,JM,KI,LS,LR,MW,MV,ML,MH,FM,NA,NR,NE,PW,PG,WS,SM,ST,SN,SC,SL,SB,KN,LC,VC,SR,TL,TO,TT,TV,VU,BN,BI,KH,CM,TD,KM,GQ,SZ,GA,GN,LA,MO,MR,MN,NP,RW,TG,ZW,BJ,MG,MU,MZ,AO,CI,DJ,ZM,CD,CG,IQ,LY,VE,ET,XK",track,Get This Thing Started,album,35,Alan Silvestri,"orchestral soundtrack,soundtrack",artist,29,294786,29,0.206,0.443,5,-12.27,0,0.0474,0.612,0.92,0.0734,0.128,83.207,audio_features,0Urn09TBBsgGHGj6iuoL2V,https://api.spotify.com/v1/tracks/0Urn09TBBsgGHGj6iuoL2V,4
2022-11-02T00:43:30Z,26/04/2019,"AR,AU,AT,BE,BO,BR,BG,CA,CL,CO,CR,CY,CZ,DK,DO,DE,EC,EE,SV,FI,FR,GR,GT,HN,HK,HU,IS,IE,IT,LV,LT,LU,MY,MT,MX,NL,NZ,NI,NO,PA,PY,PE,PH,PL,PT,SG,SK,ES,SE,CH,TW,TR,UY,US,GB,AD,LI,MC,ID,JP,TH,VN,RO,IL,ZA,SA,AE,BH,QA,OM,KW,EG,MA,DZ,TN,LB,JO,PS,IN,MD,UA,AL,BA,HR,ME,MK,RS,SI,KR,BD,PK,LK,GH,KE,NG,TZ,UG,AG,BS,BB,BZ,BT,BW,BF,CV,CW,DM,FJ,GM,GE,GD,GW,GY,HT,JM,KI,LS,LR,MW,MV,ML,MH,FM,NA,NR,NE,PW,PG,WS,SM,ST,SN,SC,SL,SB,KN,LC,VC,SR,TL,TO,TT,TV,VU,BN,BI,KH,CM,TD,KM,GQ,SZ,GA,GN,LA,MO,MR,MN,NP,RW,TG,ZW,BJ,MG,MU,MZ,AO,CI,DJ,ZM,CD,CG,IQ,LY,VE,ET,XK",track,The One,album,35,Alan Silvestri,"orchestral soundtrack,soundtrack",artist,30,128826,29,0.136,0.514,5,-9.502,0,0.0539,0.726,0.91,0.106,0.0711,86.84,audio_features,7huEkmgimjSbc89QVpiwnk,https://api.spotify.com/v1/tracks/7huEkmgimjSbc89QVpiwnk,4
2022-11-02T00:43:30Z,26/04/2019,"AR,AU,AT,BE,BO,BR,BG,CA,CL,CO,CR,CY,CZ,DK,DO,DE,EC,EE,SV,FI,FR,GR,GT,HN,HK,HU,IS,IE,IT,LV,LT,LU,MY,MT,MX,NL,NZ,NI,NO,PA,PY,PE,PH,PL,PT,SG,SK,ES,SE,CH,TW,TR,UY,US,GB,AD,LI,MC,ID,JP,TH,VN,RO,IL,ZA,SA,AE,BH,QA,OM,KW,EG,MA,DZ,TN,LB,JO,PS,IN,MD,UA,AL,BA,HR,ME,MK,RS,SI,KR,BD,PK,LK,GH,KE,NG,TZ,UG,AG,BS,BB,BZ,BT,BW,BF,CV,CW,DM,FJ,GM,GE,GD,GW,GY,HT,JM,KI,LS,LR,MW,MV,ML,MH,FM,NA,NR,NE,PW,PG,WS,SM,ST,SN,SC,SL,SB,KN,LC,VC,SR,TL,TO,TT,TV,VU,BN,BI,KH,CM,TD,KM,GQ,SZ,GA,GN,LA,MO,MR,MN,NP,RW,TG,ZW,BJ,MG,MU,MZ,AO,CI,DJ,ZM,CD,CG,IQ,LY,VE,ET,XK",track,You Did Good,album,35,Alan Silvestri,"orchestral soundtrack,soundtrack",artist,31,117626,30,0.0925,0.00979,7,-39.898,0,0.0489,0.623,0.0446,0.144,0.0343,72.567,audio_features,34ZpUfJx6XvSvHQUgPbqSq,https://api.spotify.com/v1/tracks/34ZpUfJx6XvSvHQUgPbqSq,4
2022-11-02T00:43:30Z,26/04/2019,"AR,AU,AT,BE,BO,BR,BG,CA,CL,CO,CR,CY,CZ,DK,DO,DE,EC,EE,SV,FI,FR,GR,GT,HN,HK,HU,IS,IE,IT,LV,LT,LU,MY,MT,MX,NL,NZ,NI,NO,PA,PY,PE,PH,PL,PT,SG,SK,ES,SE,CH,TW,TR,UY,US,GB,AD,LI,MC,ID,JP,TH,VN,RO,IL,ZA,SA,AE,BH,QA,OM,KW,EG,MA,DZ,TN,LB,JO,PS,IN,MD,UA,AL,BA,HR,ME,MK,RS,SI,KR,BD,PK,LK,GH,KE,NG,TZ,UG,AG,BS,BB,BZ,BT,BW,BF,CV,CW,DM,FJ,GM,GE,GD,GW,GY,HT,JM,KI,LS,LR,MW,MV,ML,MH,FM,NA,NR,NE,PW,PG,WS,SM,ST,SN,SC,SL,SB,KN,LC,VC,SR,TL,TO,TT,TV,VU,BN,BI,KH,CM,TD,KM,GQ,SZ,GA,GN,LA,MO,MR,MN,NP,RW,TG,ZW,BJ,MG,MU,MZ,AO,CI,DJ,ZM,CD,CG,IQ,LY,VE,ET,XK",track,The Real Hero,album,35,Alan Silvestri,"orchestral soundtrack,soundtrack",artist,32,354826,44,0.184,0.0565,7,-18.019,1,0.0411,0.809,0.902,0.302,0.037,130.317,audio_features,3KHrXuByzDnDOaVR15rZH7,https://api.spotify.com/v1/tracks/3KHrXuByzDnDOaVR15rZH7,1
2022-11-02T00:43:30Z,26/04/2019,"AR,AU,AT,BE,BO,BR,BG,CA,CL,CO,CR,CY,CZ,DK,DO,DE,EC,EE,SV,FI,FR,GR,GT,HN,HK,HU,IS,IE,IT,LV,LT,LU,MY,MT,MX,NL,NZ,NI,NO,PA,PY,PE,PH,PL,PT,SG,SK,ES,SE,CH,TW,TR,UY,US,GB,AD,LI,MC,ID,JP,TH,VN,RO,IL,ZA,SA,AE,BH,QA,OM,KW,EG,MA,DZ,TN,LB,JO,PS,IN,MD,UA,AL,BA,HR,ME,MK,RS,SI,KR,BD,PK,LK,GH,KE,NG,TZ,UG,AG,BS,BB,BZ,BT,BW,BF,CV,CW,DM,FJ,GM,GE,GD,GW,GY,HT,JM,KI,LS,LR,MW,MV,ML,MH,FM,NA,NR,NE,PW,PG,WS,SM,ST,SN,SC,SL,SB,KN,LC,VC,SR,TL,TO,TT,TV,VU,BN,BI,KH,CM,TD,KM,GQ,SZ,GA,GN,LA,MO,MR,MN,NP,RW,TG,ZW,BJ,MG,MU,MZ,AO,CI,DJ,ZM,CD,CG,IQ,LY,VE,ET,XK",track,Five Seconds,album,35,Alan Silvestri,"orchestral soundtrack,soundtrack",artist,33,105773,28,0.309,0.071,0,-24.271,0,0.0385,0.938,0.758,0.103,0.0367,99.164,audio_features,2ulsQWNc9AYu00wcKjPYtV,https://api.spotify.com/v1/tracks/2ulsQWNc9AYu00wcKjPYtV,4
2022-11-02T00:43:30Z,26/04/2019,"AR,AU,AT,BE,BO,BR,BG,CA,CL,CO,CR,CY,CZ,DK,DO,DE,EC,EE,SV,FI,FR,GR,GT,HN,HK,HU,IS,IE,IT,LV,LT,LU,MY,MT,MX,NL,NZ,NI,NO,PA,PY,PE,PH,PL,PT,SG,SK,ES,SE,CH,TW,TR,UY,US,GB,AD,LI,MC,ID,JP,TH,VN,RO,IL,ZA,SA,AE,BH,QA,OM,KW,EG,MA,DZ,TN,LB,JO,PS,IN,MD,UA,AL,BA,HR,ME,MK,RS,SI,KR,BD,PK,LK,GH,KE,NG,TZ,UG,AG,BS,BB,BZ,BT,BW,BF,CV,CW,DM,FJ,GM,GE,GD,GW,GY,HT,JM,KI,LS,LR,MW,MV,ML,MH,FM,NA,NR,NE,PW,PG,WS,SM,ST,SN,SC,SL,SB,KN,LC,VC,SR,TL,TO,TT,TV,VU,BN,BI,KH,CM,TD,KM,GQ,SZ,GA,GN,LA,MO,MR,MN,NP,RW,TG,ZW,BJ,MG,MU,MZ,AO,CI,DJ,ZM,CD,CG,IQ,LY,VE,ET,XK",track,Go Ahead,album,35,Alan Silvestri,"orchestral soundtrack,soundtrack",artist,34,177000,30,0.0818,0.0573,1,-23.183,1,0.0462,0.622,0.0161,0.0807,0.0332,171.189,audio_features,1yob8Jw5jTTHdUJ6FpXweh,https://api.spotify.com/v1/tracks/1yob8Jw5jTTHdUJ6FpXweh,4
2022-11-02T00:43:30Z,26/04/2019,"AR,AU,AT,BE,BO,BR,BG,CA,CL,CO,CR,CY,CZ,DK,DO,DE,EC,EE,SV,FI,FR,GR,GT,HN,HK,HU,IS,IE,IT,LV,LT,LU,MY,MT,MX,NL,NZ,NI,NO,PA,PY,PE,PH,PL,PT,SG,SK,ES,SE,CH,TW,TR,UY,US,GB,AD,LI,MC,ID,JP,TH,VN,RO,IL,ZA,SA,AE,BH,QA,OM,KW,EG,MA,DZ,TN,LB,JO,PS,IN,MD,UA,AL,BA,HR,ME,MK,RS,SI,KR,BD,PK,LK,GH,KE,NG,TZ,UG,AG,BS,BB,BZ,BT,BW,BF,CV,CW,DM,FJ,GM,GE,GD,GW,GY,HT,JM,KI,LS,LR,MW,MV,ML,MH,FM,NA,NR,NE,PW,PG,WS,SM,ST,SN,SC,SL,SB,KN,LC,VC,SR,TL,TO,TT,TV,VU,BN,BI,KH,CM,TD,KM,GQ,SZ,GA,GN,LA,MO,MR,MN,NP,RW,TG,ZW,BJ,MG,MU,MZ,AO,CI,DJ,ZM,CD,CG,IQ,LY,VE,ET,XK",track,Main on End,album,35,Alan Silvestri,"orchestral soundtrack,soundtrack",artist,35,191053,45,0.127,0.488,7,-8.768,1,0.038,0.608,0.694,0.071,0.0929,169.987,audio_features,5POrWnsqEV6HwTcRKLdXxk,https://api.spotify.com/v1/tracks/5POrWnsqEV6HwTcRKLdXxk,3
2014-10-23T19:41:43Z,17/09/2013,,track,Setting up the Lair,album,29,Blake Neely,"orchestral soundtrack,soundtrack",artist,4,147826,0,0.624,0.483,7,-15.42,0,0.0391,0.515,0.911,0.109,0.306,95.001,audio_features,6q7NHCpsrxkGddBSlK9GI6,https://api.spotify.com/v1/tracks/6q7NHCpsrxkGddBSlK9GI6,4
2014-10-23T19:41:43Z,17/09/2013,,track,Vigilante Justice,album,29,Blake Neely,"orchestral soundtrack,soundtrack",artist,7,130733,0,0.539,0.592,0,-17.273,1,0.0571,0.339,0.847,0.1,0.33,124.994,audio_features,4OHYn7N9htOcKFlP8Hi0Be,https://api.spotify.com/v1/tracks/4OHYn7N9htOcKFlP8Hi0Be,3
2014-10-23T19:41:43Z,17/09/2013,,track,Inhospitable Island / Deathstroke,album,29,Blake Neely,"orchestral soundtrack,soundtrack",artist,9,129600,0,0.208,0.42,7,-15.169,1,0.0625,0.0397,0.865,0.256,0.188,73.297,audio_features,61QFJexenHwLAJe7cfRlJG,https://api.spotify.com/v1/tracks/61QFJexenHwLAJe7cfRlJG,4
2014-10-23T19:41:43Z,17/09/2013,,track,I Forgot Who I Was,album,29,Blake Neely,"orchestral soundtrack,soundtrack",artist,10,240920,0,0.0817,0.0865,7,-20.928,0,0.0469,0.723,0.967,0.0809,0.0356,83.615,audio_features,522gb58wBeL7YVm63o9jc2,https://api.spotify.com/v1/tracks/522gb58wBeL7YVm63o9jc2,4
2014-10-23T19:41:43Z,17/09/2013,,track,Train and Hunt,album,29,Blake Neely,"orchestral soundtrack,soundtrack",artist,11,158720,0,0.405,0.364,0,-16.239,1,0.0519,0.0891,0.824,0.137,0.0628,141.351,audio_features,4Wq9wYjkyf0HGyUwIuYUCO,https://api.spotify.com/v1/tracks/4Wq9wYjkyf0HGyUwIuYUCO,4
2014-10-23T19:41:43Z,17/09/2013,,track,Betrayed by Those You Love,album,29,Blake Neely,"orchestral soundtrack,soundtrack",artist,12,110973,0,0.0889,0.0375,1,-28.147,1,0.0614,0.359,0.86,0.0649,0.0266,75.284,audio_features,3BPHdfkaxI4qFqlnWoAgr1,https://api.spotify.com/v1/tracks/3BPHdfkaxI4qFqlnWoAgr1,4
2014-10-23T19:41:43Z,17/09/2013,,track,Chasing the Hood,album,29,Blake Neely,"orchestral soundtrack,soundtrack",artist,13,147933,0,0.378,0.566,1,-13.918,1,0.048,0.348,0.453,0.15,0.243,141.433,audio_features,35PgoKk2IT3QsvCKMn6lkm,https://api.spotify.com/v1/tracks/35PgoKk2IT3QsvCKMn6lkm,4
2014-10-23T19:41:43Z,17/09/2013,,track,Unfinished Business / Saving Walter,album,29,Blake Neely,"orchestral soundtrack,soundtrack",artist,26,149066,0,0.395,0.45,0,-14.506,0,0.0471,0.0171,0.875,0.107,0.0356,123.253,audio_features,0GTWgyC8UwS9eHcijb59Gs,https://api.spotify.com/v1/tracks/0GTWgyC8UwS9eHcijb59Gs,4
2014-10-23T19:42:35Z,16/09/2014,,track,Time to Come Home,album,27,Blake Neely,"orchestral soundtrack,soundtrack",artist,1,111506,0,0.455,0.282,8,-21.553,1,0.0336,0.678,0.851,0.0824,0.249,95.011,audio_features,1ox9dBtV3yokijnqcATFF4,https://api.spotify.com/v1/tracks/1ox9dBtV3yokijnqcATFF4,4
2014-10-23T19:42:35Z,16/09/2014,,track,I Dont Blame You,album,27,Blake Neely,"orchestral soundtrack,soundtrack",artist,2,126890,0,0.179,0.00898,0,-32.285,0,0.0426,0.988,0.949,0.094,0.0384,119.133,audio_features,1RKJwnfpKcjlr3COS3MFR1,https://api.spotify.com/v1/tracks/1RKJwnfpKcjlr3COS3MFR1,4
2014-10-23T19:42:35Z,16/09/2014,,track,A Different Way,album,27,Blake Neely,"orchestral soundtrack,soundtrack",artist,3,158859,0,0.399,0.283,0,-19.865,1,0.0439,0.0617,0.762,0.218,0.14,130.029,audio_features,4DHUaU994uvFsLH1Rzqixh,https://api.spotify.com/v1/tracks/4DHUaU994uvFsLH1Rzqixh,4
2014-10-23T19:42:35Z,16/09/2014,,track,City of Heroes / Canary,album,27,Blake Neely,"orchestral soundtrack,soundtrack",artist,4,182881,0,0.452,0.258,7,-20.433,1,0.0445,0.0996,0.899,0.124,0.277,121.811,audio_features,6a0I53RK7MZgbsH1UdzM5S,https://api.spotify.com/v1/tracks/6a0I53RK7MZgbsH1UdzM5S,3
2014-10-23T19:42:35Z,16/09/2014,,track,Love Is the Most Powerful Emotion,album,27,Blake Neely,"orchestral soundtrack,soundtrack",artist,5,113055,0,0.102,0.0255,7,-28.309,0,0.0422,0.91,0.919,0.114,0.0383,90.148,audio_features,5LpxiOKvNIa6OroCIui254,https://api.spotify.com/v1/tracks/5LpxiOKvNIa6OroCIui254,4
2014-10-23T19:42:35Z,16/09/2014,,track,"Off of the Island, Onto a Freighter",album,27,Blake Neely,"orchestral soundtrack,soundtrack",artist,6,137470,0,0.0654,0.00744,1,-35.971,1,0.0363,0.667,0.89,0.107,0.0668,57.817,audio_features,611HiR0qyMvYikc7DGOkrq,https://api.spotify.com/v1/tracks/611HiR0qyMvYikc7DGOkrq,4
2014-10-23T19:42:35Z,16/09/2014,,track,Building a Team,album,27,Blake Neely,"orchestral soundtrack,soundtrack",artist,7,127223,0,0.509,0.316,8,-20.753,1,0.0434,0.436,0.866,0.0898,0.347,89.928,audio_features,3SQuUufb3ibT2zA2Zddodk,https://api.spotify.com/v1/tracks/3SQuUufb3ibT2zA2Zddodk,3
2014-10-23T19:42:35Z,16/09/2014,,track,Blind Spot,album,27,Blake Neely,"orchestral soundtrack,soundtrack",artist,8,166218,0,0.343,0.488,1,-15.976,1,0.0365,0.0462,0.651,0.285,0.218,109.908,audio_features,2jg2ldeyEKCBf2NvQhngs8,https://api.spotify.com/v1/tracks/2jg2ldeyEKCBf2NvQhngs8,4
2014-10-23T19:42:35Z,16/09/2014,,track,Forced to Make a Choice / Slades Metamorphosis,album,27,Blake Neely,"orchestral soundtrack,soundtrack",artist,9,171131,0,0.189,0.274,7,-19.522,0,0.0466,0.0625,0.933,0.129,0.0575,130.115,audio_features,7B1IxyeuRg3ck95YsynLB9,https://api.spotify.com/v1/tracks/7B1IxyeuRg3ck95YsynLB9,3
2014-10-23T19:42:35Z,16/09/2014,,track,The Scientist,album,27,Blake Neely,"orchestral soundtrack,soundtrack",artist,10,145304,0,0.42,0.102,2,-23.26,0,0.0392,0.904,0.895,0.116,0.0379,100.067,audio_features,4IxA1LP1XBoUWwpUV3LoTs,https://api.spotify.com/v1/tracks/4IxA1LP1XBoUWwpUV3LoTs,3
2014-10-23T19:42:35Z,16/09/2014,,track,Roy Becomes a Hero,album,27,Blake Neely,"orchestral soundtrack,soundtrack",artist,11,178561,0,0.261,0.39,8,-17.322,0,0.0464,0.214,0.883,0.196,0.0677,95.5,audio_features,6oGqP3cBjBZDeyTtFxp5OA,https://api.spotify.com/v1/tracks/6oGqP3cBjBZDeyTtFxp5OA,4
2014-10-23T19:42:35Z,16/09/2014,,track,Mirakuru Spreads / Brother Blood,album,27,Blake Neely,"orchestral soundtrack,soundtrack",artist,12,155286,0,0.236,0.275,8,-20.513,1,0.0463,0.332,0.672,0.113,0.22,86.24,audio_features,73LWCJRDB5k4P4H6mbZV7x,https://api.spotify.com/v1/tracks/73LWCJRDB5k4P4H6mbZV7x,4
2014-10-23T19:42:35Z,16/09/2014,,track,Heir to the Demon,album,27,Blake Neely,"orchestral soundtrack,soundtrack",artist,13,112713,0,0.383,0.0741,0,-26.267,1,0.0334,0.767,0.886,0.123,0.0672,86.001,audio_features,6pNAwlZ0IZsdIJOlsVo90X,https://api.spotify.com/v1/tracks/6pNAwlZ0IZsdIJOlsVo90X,4
2014-10-23T19:42:35Z,16/09/2014,,track,Get Your Soul Back,album,27,Blake Neely,"orchestral soundtrack,soundtrack",artist,14,147583,0,0.225,0.0105,2,-33.902,0,0.038,0.97,0.954,0.0706,0.038,66.154,audio_features,6FCXTkUoSWXHJQbxkceJaw,https://api.spotify.com/v1/tracks/6FCXTkUoSWXHJQbxkceJaw,3
2014-10-23T19:42:35Z,16/09/2014,,track,This Ends Tonight,album,27,Blake Neely,"orchestral soundtrack,soundtrack",artist,15,122742,0,0.404,0.293,2,-19.962,1,0.0345,0.0471,0.849,0.113,0.164,127.912,audio_features,42f817UouxB2orOSetujUl,https://api.spotify.com/v1/tracks/42f817UouxB2orOSetujUl,4
2014-10-23T19:42:35Z,16/09/2014,,track,Stay Away From Her,album,27,Blake Neely,"orchestral soundtrack,soundtrack",artist,16,127557,0,0.301,0.0339,1,-29.705,0,0.0353,0.908,0.947,0.0672,0.0386,140.047,audio_features,3wu4QwwBU2rsAQuOAYJoW0,https://api.spotify.com/v1/tracks/3wu4QwwBU2rsAQuOAYJoW0,3
2014-10-23T19:42:35Z,16/09/2014,,track,Deathstroking / Creating an Army With a Needle,album,27,Blake Neely,"orchestral soundtrack,soundtrack",artist,17,247392,0,0.176,0.482,8,-19.117,1,0.0647,0.357,0.943,0.0902,0.0845,74.651,audio_features,6R3twr8dPkeY3Kye8KpKE1,https://api.spotify.com/v1/tracks/6R3twr8dPkeY3Kye8KpKE1,4
2014-10-23T19:42:35Z,16/09/2014,,track,Own Worst Enemy,album,27,Blake Neely,"orchestral soundtrack,soundtrack",artist,18,201531,0,0.3,0.00723,7,-31.166,0,0.0373,0.957,0.91,0.0968,0.0397,54.984,audio_features,57qpbMTmKfB6a8tUuKN547,https://api.spotify.com/v1/tracks/57qpbMTmKfB6a8tUuKN547,4
2014-10-23T19:42:35Z,16/09/2014,,track,A.R.G.U.S.s Suicide Squad,album,27,Blake Neely,"orchestral soundtrack,soundtrack",artist,19,128899,0,0.561,0.31,7,-21.275,1,0.039,0.491,0.914,0.0888,0.234,95.116,audio_features,0UeClAwWWGmgB084WhFMDc,https://api.spotify.com/v1/tracks/0UeClAwWWGmgB084WhFMDc,4
2014-10-23T19:42:35Z,16/09/2014,,track,Promise Kept,album,27,Blake Neely,"orchestral soundtrack,soundtrack",artist,20,224392,0,0.137,0.0648,7,-27.043,1,0.0366,0.00215,0.839,0.112,0.0354,141.613,audio_features,3rJfmnE1P3ZbfW6bTnwPje,https://api.spotify.com/v1/tracks/3rJfmnE1P3ZbfW6bTnwPje,4
2014-10-23T19:42:35Z,16/09/2014,,track,The Man Under the Hood,album,27,Blake Neely,"orchestral soundtrack,soundtrack",artist,21,197218,0,0.206,0.129,7,-20.229,0,0.0372,0.781,0.743,0.0795,0.0602,96.363,audio_features,5Dg9Qyue1CXOU2zBAZIbmn,https://api.spotify.com/v1/tracks/5Dg9Qyue1CXOU2zBAZIbmn,3
2014-10-23T19:42:35Z,16/09/2014,,track,Secret Destiny,album,27,Blake Neely,"orchestral soundtrack,soundtrack",artist,22,177566,0,0.147,0.0665,10,-31.249,0,0.036,0.649,0.936,0.101,0.0444,138.544,audio_features,1K0I62sJIqtzcz0eOSxx21,https://api.spotify.com/v1/tracks/1K0I62sJIqtzcz0eOSxx21,3
2014-10-23T19:42:35Z,16/09/2014,,track,In the Crosshairs,album,27,Blake Neely,"orchestral soundtrack,soundtrack",artist,23,190817,0,0.255,0.401,8,-17.904,1,0.0444,0.17,0.902,0.114,0.148,79.781,audio_features,4WZboShQIz0bUgNu9iIh03,https://api.spotify.com/v1/tracks/4WZboShQIz0bUgNu9iIh03,4
2014-10-23T19:42:35Z,16/09/2014,,track,Purest Heart,album,27,Blake Neely,"orchestral soundtrack,soundtrack",artist,24,103425,0,0.328,0.0736,5,-28.808,0,0.0416,0.865,0.878,0.105,0.0633,120.05,audio_features,1nYFsIBTWaciyYhzNGUZeH,https://api.spotify.com/v1/tracks/1nYFsIBTWaciyYhzNGUZeH,3
2014-10-23T19:42:35Z,16/09/2014,,track,The Essence of Heroism,album,27,Blake Neely,"orchestral soundtrack,soundtrack",artist,25,166706,0,0.115,0.0582,8,-27.395,0,0.0424,0.376,0.869,0.115,0.0365,67.484,audio_features,4QzQVeRcdOPZWk7Ww9ayOh,https://api.spotify.com/v1/tracks/4QzQVeRcdOPZWk7Ww9ayOh,4
2014-10-23T19:42:35Z,16/09/2014,,track,Tunnel Fight,album,27,Blake Neely,"orchestral soundtrack,soundtrack",artist,26,124439,0,0.621,0.59,0,-13.424,1,0.0437,0.0847,0.905,0.0894,0.587,120.019,audio_features,1viivVU7JusBEbAbrEwqtZ,https://api.spotify.com/v1/tracks/1viivVU7JusBEbAbrEwqtZ,3
2014-10-23T19:42:35Z,16/09/2014,,track,Never Again,album,27,Blake Neely,"orchestral soundtrack,soundtrack",artist,27,257389,0,0.25,0.421,8,-17.124,1,0.0421,0.179,0.932,0.122,0.164,144.169,audio_features,0VeLwxMRVQJiqFzDp5WoRf,https://api.spotify.com/v1/tracks/0VeLwxMRVQJiqFzDp5WoRf,4
2015-05-16T14:35:43Z,17/09/2013,,track,Five Years,album,29,Blake Neely,"orchestral soundtrack,soundtrack",artist,1,114640,0,0.528,0.178,1,-23.383,1,0.0263,0.815,0.804,0.206,0.273,95.026,audio_features,5acVgtjjWkNo9L7reMkWKK,https://api.spotify.com/v1/tracks/5acVgtjjWkNo9L7reMkWKK,4
2015-05-16T14:35:43Z,17/09/2013,,track,Returning Home / Scars,album,29,Blake Neely,"orchestral soundtrack,soundtrack",artist,2,173120,0,0.0791,0.0526,1,-27.843,1,0.0348,0.864,0.931,0.11,0.0359,75.283,audio_features,6yo4217cfhSbyJ9w9TAjnt,https://api.spotify.com/v1/tracks/6yo4217cfhSbyJ9w9TAjnt,4
2015-05-16T14:35:43Z,17/09/2013,,track,City In Ruin,album,29,Blake Neely,"orchestral soundtrack,soundtrack",artist,3,80613,0,0.584,0.675,1,-12.42,1,0.0619,0.00019,0.76,0.18,0.2,135.031,audio_features,3vZZwYbVTIql5RkA3x8aEW,https://api.spotify.com/v1/tracks/3vZZwYbVTIql5RkA3x8aEW,4
2015-05-16T14:35:43Z,17/09/2013,,track,Loss and Regrets,album,29,Blake Neely,"orchestral soundtrack,soundtrack",artist,5,158293,0,0.209,0.028,8,-25.304,0,0.0389,0.929,0.984,0.0969,0.0384,73.119,audio_features,6cn5qi2kEOJsYQRVA5Pc0a,https://api.spotify.com/v1/tracks/6cn5qi2kEOJsYQRVA5Pc0a,3
2015-05-16T14:35:43Z,17/09/2013,,track,On the List,album,29,Blake Neely,"orchestral soundtrack,soundtrack",artist,6,100666,0,0.275,0.0649,4,-24.597,1,0.0407,0.743,0.911,0.114,0.0267,80.294,audio_features,130EF0B3ZO2miof2r1dXZd,https://api.spotify.com/v1/tracks/130EF0B3ZO2miof2r1dXZd,1
2015-05-16T14:35:43Z,17/09/2013,,track,Honor Thy Father,album,29,Blake Neely,"orchestral soundtrack,soundtrack",artist,8,105133,0,0.27,0.0123,2,-30.164,0,0.0395,0.972,0.916,0.0808,0.0385,75.008,audio_features,38nuTMWIm6ivpktS1fGFrZ,https://api.spotify.com/v1/tracks/38nuTMWIm6ivpktS1fGFrZ,3
2015-05-16T14:35:43Z,17/09/2013,,track,Damaged,album,29,Blake Neely,"orchestral soundtrack,soundtrack",artist,14,99360,0,0.531,0.312,10,-13.344,0,0.0462,0.123,0.88,0.0962,0.053,139.373,audio_features,0HmiSEbpCnl1NzTZQMtgdl,https://api.spotify.com/v1/tracks/0HmiSEbpCnl1NzTZQMtgdl,3
2015-05-16T14:35:43Z,17/09/2013,,track,The Dark Archer / It Is I Who Failed This City,album,29,Blake Neely,"orchestral soundtrack,soundtrack",artist,15,211506,0,0.46,0.39,7,-16.415,0,0.0404,0.536,0.902,0.0937,0.134,122.517,audio_features,6QkQOuHS2fjBFZUajPi4fz,https://api.spotify.com/v1/tracks/6QkQOuHS2fjBFZUajPi4fz,4
2015-05-16T14:35:43Z,17/09/2013,,track,Working Together But Alone,album,29,Blake Neely,"orchestral soundtrack,soundtrack",artist,16,113106,0,0.388,0.0974,8,-23.828,0,0.0333,0.842,0.874,0.101,0.0395,79.982,audio_features,4KwMvCD8vWnIpiNlIhoB1w,https://api.spotify.com/v1/tracks/4KwMvCD8vWnIpiNlIhoB1w,4
2015-05-16T14:35:43Z,17/09/2013,,track,The Count,album,29,Blake Neely,"orchestral soundtrack,soundtrack",artist,17,122480,0,0.455,0.365,1,-17.191,1,0.033,0.19,0.814,0.118,0.0324,100.045,audio_features,6NrbWvK7jGIMm9MEiOPyFN,https://api.spotify.com/v1/tracks/6NrbWvK7jGIMm9MEiOPyFN,4
2015-05-16T14:35:43Z,17/09/2013,,track,Friends In Arms,album,29,Blake Neely,"orchestral soundtrack,soundtrack",artist,18,156493,0,0.289,0.496,7,-17.227,1,0.0616,0.041,0.696,0.0957,0.0322,166.965,audio_features,6LY4MPr0b7NtmKKUKth4Ig,https://api.spotify.com/v1/tracks/6LY4MPr0b7NtmKKUKth4Ig,4
2015-05-16T14:35:43Z,17/09/2013,,track,Trust But Verify,album,29,Blake Neely,"orchestral soundtrack,soundtrack",artist,19,157560,0,0.152,0.132,7,-18.426,0,0.035,0.85,0.954,0.1,0.0363,101.473,audio_features,0ZUasoLIfjrmqS6PhW3m2W,https://api.spotify.com/v1/tracks/0ZUasoLIfjrmqS6PhW3m2W,4
2015-05-16T14:35:43Z,17/09/2013,,track,Join Us,album,29,Blake Neely,"orchestral soundtrack,soundtrack",artist,20,115706,0,0.13,0.136,0,-22.234,0,0.0375,0.46,0.924,0.138,0.0354,69.734,audio_features,4r57Sa9fkk7TbaCA9Bhe4v,https://api.spotify.com/v1/tracks/4r57Sa9fkk7TbaCA9Bhe4v,4
2015-05-16T14:35:43Z,17/09/2013,,track,"Trusting a Friend, Saving An Enemy",album,29,Blake Neely,"orchestral soundtrack,soundtrack",artist,21,117493,0,0.391,0.3,8,-18.402,1,0.041,0.53,0.884,0.0962,0.0538,141.967,audio_features,6oNFRkG4cdap28oGJquS41,https://api.spotify.com/v1/tracks/6oNFRkG4cdap28oGJquS41,4
2015-05-16T14:35:43Z,17/09/2013,,track,Sins Of the Father,album,29,Blake Neely,"orchestral soundtrack,soundtrack",artist,22,87373,0,0.31,0.131,0,-24.831,0,0.0302,0.613,0.974,0.0777,0.0332,79.94,audio_features,4vxxVD2VWaLvwhAluZ6c2N,https://api.spotify.com/v1/tracks/4vxxVD2VWaLvwhAluZ6c2N,3
2015-05-16T14:35:43Z,17/09/2013,,track,I Can't Lose You Twice,album,29,Blake Neely,"orchestral soundtrack,soundtrack",artist,23,197744,0,0.309,0.0736,0,-23.026,0,0.0391,0.902,0.925,0.0788,0.0879,74.992,audio_features,3Crm1ISZhGY2oY4WUBjL0p,https://api.spotify.com/v1/tracks/3Crm1ISZhGY2oY4WUBjL0p,4
2015-05-16T14:35:43Z,17/09/2013,,track,Search for Salvation,album,29,Blake Neely,"orchestral soundtrack,soundtrack",artist,24,209309,0,0.344,0.312,2,-17.682,1,0.0454,0.0633,0.873,0.107,0.0305,180.237,audio_features,48ognqcopzXQELOO8k9pnn,https://api.spotify.com/v1/tracks/48ognqcopzXQELOO8k9pnn,4
2015-05-16T14:35:43Z,17/09/2013,,track,Shado Sees An Emerging Hero,album,29,Blake Neely,"orchestral soundtrack,soundtrack",artist,25,117160,0,0.185,0.00913,9,-27.89,0,0.0507,0.988,0.886,0.0691,0.0367,69.744,audio_features,3NCxPM0HEKToq0Fw037hk7,https://api.spotify.com/v1/tracks/3NCxPM0HEKToq0Fw037hk7,4
2015-05-16T14:35:43Z,17/09/2013,,track,A Way Off the Island,album,29,Blake Neely,"orchestral soundtrack,soundtrack",artist,27,135466,0,0.554,0.15,7,-22.008,1,0.0253,0.172,0.731,0.159,0.277,95.008,audio_features,2fnrjXSR5krNwUMQy052DY,https://api.spotify.com/v1/tracks/2fnrjXSR5krNwUMQy052DY,4
2015-05-16T14:35:43Z,17/09/2013,,track,Sacrifice,album,29,Blake Neely,"orchestral soundtrack,soundtrack",artist,28,292920,0,0.168,0.151,7,-19.937,0,0.0405,0.147,0.93,0.138,0.035,127.611,audio_features,5bHuKg1XgYErVvjNH1fViw,https://api.spotify.com/v1/tracks/5bHuKg1XgYErVvjNH1fViw,4
2015-05-16T14:35:43Z,17/09/2013,,track,Oliver Queen Suite,album,29,Blake Neely,"orchestral soundtrack,soundtrack",artist,29,587197,0,0.432,0.2,1,-20.881,1,0.0364,0.677,0.888,0.103,0.0389,95.028,audio_features,1wXE5Q2v6A6CK9PVVjc1Hi,https://api.spotify.com/v1/tracks/1wXE5Q2v6A6CK9PVVjc1Hi,4
2015-11-15T20:10:41Z,13/11/2015,,track,Team Arrow Takedown,album,27,Blake Neely,"orchestral soundtrack,soundtrack",artist,1,115200,0,0.452,0.622,1,-13.085,1,0.0556,0.211,0.906,0.111,0.261,126.371,audio_features,5oF2X1AiyMBZozmrpFFbQE,https://api.spotify.com/v1/tracks/5oF2X1AiyMBZozmrpFFbQE,4
2015-11-15T20:10:41Z,13/11/2015,,track,Mean Streets Of Hong Kong,album,27,Blake Neely,"orchestral soundtrack,soundtrack",artist,2,182746,0,0.37,0.356,2,-17.834,1,0.0633,0.325,0.854,0.103,0.136,150.139,audio_features,6nYJjenR7XRI0a6IBrLsnH,https://api.spotify.com/v1/tracks/6nYJjenR7XRI0a6IBrLsnH,4
2015-11-15T20:10:41Z,13/11/2015,,track,Sara Silenced,album,27,Blake Neely,"orchestral soundtrack,soundtrack",artist,3,219440,0,0.151,0.102,3,-23.056,0,0.0377,0.376,0.822,0.116,0.0343,137.252,audio_features,2Q42qOsSmN67Vv3lZNbQwi,https://api.spotify.com/v1/tracks/2Q42qOsSmN67Vv3lZNbQwi,3
2015-11-15T20:10:41Z,13/11/2015,,track,Searching Monastery / Merlyn Is Back,album,27,Blake Neely,"orchestral soundtrack,soundtrack",artist,4,154866,0,0.418,0.322,0,-19.679,0,0.0455,0.227,0.838,0.116,0.196,99.975,audio_features,4ysUhgwtwvLZ5pcQ8Eu0VE,https://api.spotify.com/v1/tracks/4ysUhgwtwvLZ5pcQ8Eu0VE,4
2015-11-15T20:10:41Z,13/11/2015,,track,"Like Father, Like Daughter",album,27,Blake Neely,"orchestral soundtrack,soundtrack",artist,5,147933,0,0.249,0.0397,8,-27.106,1,0.0351,0.785,0.927,0.319,0.0363,98.266,audio_features,5YNnj16A4xK0Me8YyQFtIV,https://api.spotify.com/v1/tracks/5YNnj16A4xK0Me8YyQFtIV,3
2015-11-15T20:10:41Z,13/11/2015,,track,Laurel Takes On A Dangerous Game,album,27,Blake Neely,"orchestral soundtrack,soundtrack",artist,6,137920,0,0.176,0.0951,2,-21.751,1,0.0359,0.242,0.859,0.092,0.0431,92.138,audio_features,0PmPil49la5sxjoFJVOZQG,https://api.spotify.com/v1/tracks/0PmPil49la5sxjoFJVOZQG,4
2015-11-15T20:10:41Z,13/11/2015,,track,Ra's Al Guhl,album,27,Blake Neely,"orchestral soundtrack,soundtrack",artist,7,77160,0,0.227,0.172,5,-20.289,1,0.0348,0.865,0.914,0.171,0.0942,88.226,audio_features,69eZao7rEvVMp8wOZH25Df,https://api.spotify.com/v1/tracks/69eZao7rEvVMp8wOZH25Df,4
2015-11-15T20:10:41Z,13/11/2015,,track,"See It, Remember",album,27,Blake Neely,"orchestral soundtrack,soundtrack",artist,8,137266,0,0.149,0.0296,10,-33.206,0,0.0455,0.922,0.743,0.0895,0.0358,77.387,audio_features,6LjA0LTOpayf4f7UZZqUaN,https://api.spotify.com/v1/tracks/6LjA0LTOpayf4f7UZZqUaN,1
2015-11-15T20:10:41Z,13/11/2015,,track,A Threat With Incentive,album,27,Blake Neely,"orchestral soundtrack,soundtrack",artist,9,132626,0,0.333,0.328,6,-19.387,1,0.0437,0.713,0.861,0.0913,0.129,100.593,audio_features,1UgzAsdqzgGp0RwdMd44BK,https://api.spotify.com/v1/tracks/1UgzAsdqzgGp0RwdMd44BK,4
2015-11-15T20:10:41Z,13/11/2015,,track,Merlyn Brings News,album,27,Blake Neely,"orchestral soundtrack,soundtrack",artist,10,152333,0,0.0903,0.0397,5,-20.463,1,0.0396,0.647,0.859,0.104,0.127,86.827,audio_features,3CcmLx3zelqRbN56rt275b,https://api.spotify.com/v1/tracks/3CcmLx3zelqRbN56rt275b,4
2015-11-15T20:10:41Z,13/11/2015,,track,Team Continues Without Oliver,album,27,Blake Neely,"orchestral soundtrack,soundtrack",artist,11,197826,0,0.309,0.471,2,-15.538,1,0.0517,0.22,0.894,0.0729,0.0475,166.416,audio_features,1tCEslnP4hQqlXkVEvNDDt,https://api.spotify.com/v1/tracks/1tCEslnP4hQqlXkVEvNDDt,4
2015-11-15T20:10:41Z,13/11/2015,,track,A Father Mourns,album,27,Blake Neely,"orchestral soundtrack,soundtrack",artist,12,124893,0,0.204,0.0693,6,-23.596,0,0.0413,0.905,0.93,0.0871,0.0279,96.222,audio_features,4YfFxahxATPK7rf81vUhve,https://api.spotify.com/v1/tracks/4YfFxahxATPK7rf81vUhve,4
2015-11-15T20:10:41Z,13/11/2015,,track,Taking On Brick,album,27,Blake Neely,"orchestral soundtrack,soundtrack",artist,13,84933,0,0.568,0.765,10,-11.28,0,0.0452,0.0509,0.794,0.115,0.338,140.042,audio_features,7C4GHC4CKCiriJZ99jR4AS,https://api.spotify.com/v1/tracks/7C4GHC4CKCiriJZ99jR4AS,4
2015-11-15T20:10:41Z,13/11/2015,,track,Oliver Returns / Thea Learns Secret,album,27,Blake Neely,"orchestral soundtrack,soundtrack",artist,14,223653,0,0.274,0.17,0,-15.783,0,0.0345,0.712,0.928,0.0969,0.0394,132.099,audio_features,2jP8gC1b7iU4n7Wrns82aU,https://api.spotify.com/v1/tracks/2jP8gC1b7iU4n7Wrns82aU,4
2015-11-15T20:10:41Z,13/11/2015,,track,Someone You Love,album,27,Blake Neely,"orchestral soundtrack,soundtrack",artist,15,207626,0,0.231,0.0267,5,-27.916,0,0.0408,0.937,0.977,0.0961,0.0376,134.613,audio_features,1hrILzBE4P6N3N92rBd7cE,https://api.spotify.com/v1/tracks/1hrILzBE4P6N3N92rBd7cE,3
2015-11-15T20:10:41Z,13/11/2015,,track,Laurel Fights Her Demons,album,27,Blake Neely,"orchestral soundtrack,soundtrack",artist,16,230453,0,0.271,0.365,9,-15.024,0,0.0466,0.0533,0.902,0.135,0.0652,139.772,audio_features,4hVA5bZM1QivxsQJ4lBIvW,https://api.spotify.com/v1/tracks/4hVA5bZM1QivxsQJ4lBIvW,4
2015-11-15T20:10:41Z,13/11/2015,,track,How Do You Lie To Me,album,27,Blake Neely,"orchestral soundtrack,soundtrack",artist,17,109599,0,0.261,0.0523,0,-28.221,1,0.0496,0.926,0.957,0.0995,0.093,120.341,audio_features,7cQF1ByW3UE5TrvD0OJ5yv,https://api.spotify.com/v1/tracks/7cQF1ByW3UE5TrvD0OJ5yv,4
2015-11-15T20:10:41Z,13/11/2015,,track,Atom Flies,album,27,Blake Neely,"orchestral soundtrack,soundtrack",artist,18,184973,0,0.46,0.514,3,-15.958,1,0.0559,0.724,0.946,0.0893,0.0382,89.765,audio_features,76M0QJPEIoOsxS0s1H84Ld,https://api.spotify.com/v1/tracks/76M0QJPEIoOsxS0s1H84Ld,3
2015-11-15T20:10:41Z,13/11/2015,,track,Forgive Us / Goodbye To Roy,album,27,Blake Neely,"orchestral soundtrack,soundtrack",artist,19,268253,0,0.382,0.098,9,-24.043,0,0.0395,0.958,0.928,0.0844,0.0356,139.946,audio_features,1Xc3w7DiZadX9p7JOvWFhg,https://api.spotify.com/v1/tracks/1Xc3w7DiZadX9p7JOvWFhg,4
2015-11-15T20:10:41Z,13/11/2015,,track,Felicity Pleads With Ra's,album,27,Blake Neely,"orchestral soundtrack,soundtrack",artist,20,179440,0,0.133,0.148,9,-23.785,0,0.0353,0.662,0.913,0.0527,0.0317,66.253,audio_features,1oQkJOnEoVJ87XRVrjaprV,https://api.spotify.com/v1/tracks/1oQkJOnEoVJ87XRVrjaprV,3
2015-11-15T20:10:41Z,13/11/2015,,track,Convince Him,album,27,Blake Neely,"orchestral soundtrack,soundtrack",artist,21,134346,0,0.0764,0.0304,9,-23.315,0,0.04,0.969,0.916,0.0925,0.0316,178.043,audio_features,7oRl10JPTPpmm3dNRoPIWH,https://api.spotify.com/v1/tracks/7oRl10JPTPpmm3dNRoPIWH,3
2015-11-15T20:10:41Z,13/11/2015,,track,Escape Through Catacombs,album,27,Blake Neely,"orchestral soundtrack,soundtrack",artist,22,99933,0,0.401,0.356,1,-15.083,1,0.0444,0.378,0.91,0.11,0.199,104.88,audio_features,35RJk6rsfkB3mMwbJu1uy8,https://api.spotify.com/v1/tracks/35RJk6rsfkB3mMwbJu1uy8,4
2015-11-15T20:10:41Z,13/11/2015,,track,Fighting His Own / Need A New Life,album,27,Blake Neely,"orchestral soundtrack,soundtrack",artist,23,239000,0,0.307,0.304,5,-15.822,0,0.0491,0.638,0.901,0.109,0.0399,131.834,audio_features,0IOJkdzHleoCfZgzlaWdAz,https://api.spotify.com/v1/tracks/0IOJkdzHleoCfZgzlaWdAz,4
2015-11-15T20:10:41Z,13/11/2015,,track,Storming The Castle,album,27,Blake Neely,"orchestral soundtrack,soundtrack",artist,24,297053,0,0.425,0.547,2,-13.989,1,0.0618,0.163,0.914,0.112,0.074,99.677,audio_features,2xXkEprq90McEk1DHYNXua,https://api.spotify.com/v1/tracks/2xXkEprq90McEk1DHYNXua,4
2015-11-15T20:10:41Z,13/11/2015,,track,Black Wedding,album,27,Blake Neely,"orchestral soundtrack,soundtrack",artist,25,179613,0,0.141,0.259,9,-17.924,0,0.0482,0.288,0.877,0.111,0.0468,100.069,audio_features,2ZDHRT0QQlx70YycKdunM9,https://api.spotify.com/v1/tracks/2ZDHRT0QQlx70YycKdunM9,4
2015-11-15T20:10:41Z,13/11/2015,,track,To The Death / They Will Kneel,album,27,Blake Neely,"orchestral soundtrack,soundtrack",artist,26,197440,0,0.306,0.391,7,-15.009,1,0.0522,0.418,0.739,0.306,0.0456,100.216,audio_features,74ngb8qyhVdkj87V4eROqX,https://api.spotify.com/v1/tracks/74ngb8qyhVdkj87V4eROqX,3
2015-11-15T20:10:41Z,13/11/2015,,track,To A Better Place,album,27,Blake Neely,"orchestral soundtrack,soundtrack",artist,27,54493,0,0.181,0.296,8,-13.784,1,0.0382,0.362,0.871,0.106,0.11,200.202,audio_features,0PPETdP3OK8cULqgQR8zBw,https://api.spotify.com/v1/tracks/0PPETdP3OK8cULqgQR8zBw,4
2017-06-30T14:41:28Z,30/09/2016,,track,Return to Star City / Darhkness Arrives,album,23,Blake Neely,"orchestral soundtrack,soundtrack",artist,1,148560,0,0.267,0.0866,0,-27.873,1,0.0333,0.428,0.866,0.0989,0.0891,74.909,audio_features,26Zt6UbybFbNYHfE7TbEnY,https://api.spotify.com/v1/tracks/26Zt6UbybFbNYHfE7TbEnY,4
2017-06-30T14:41:28Z,30/09/2016,,track,Green Arrow,album,23,Blake Neely,"orchestral soundtrack,soundtrack",artist,2,134186,0,0.199,0.206,5,-20.332,1,0.0665,0.433,0.799,0.0575,0.0388,94.043,audio_features,3jOLQLt6iw9O720FE67zKv,https://api.spotify.com/v1/tracks/3jOLQLt6iw9O720FE67zKv,4
2017-06-30T14:41:28Z,30/09/2016,,track,The Ring and the Grave,album,23,Blake Neely,"orchestral soundtrack,soundtrack",artist,3,116786,0,0.14,0.00493,1,-33.052,1,0.0372,0.963,0.927,0.0917,0.0307,59.883,audio_features,6sJowiFBX6eRhM2rA7U2vY,https://api.spotify.com/v1/tracks/6sJowiFBX6eRhM2rA7U2vY,4
2017-06-30T14:41:28Z,30/09/2016,,track,Code Names,album,23,Blake Neely,"orchestral soundtrack,soundtrack",artist,4,132240,0,0.68,0.547,8,-14.566,1,0.0427,0.242,0.79,0.0911,0.208,129.224,audio_features,0G2HcQt3RfOp22UiB3bvav,https://api.spotify.com/v1/tracks/0G2HcQt3RfOp22UiB3bvav,4
2017-06-30T14:41:28Z,30/09/2016,,track,Fighting Ghosts,album,23,Blake Neely,"orchestral soundtrack,soundtrack",artist,5,244266,0,0.402,0.536,0,-14.081,0,0.0689,0.376,0.887,0.153,0.114,140.049,audio_features,4788QrKvlSdtD87jwXYArt,https://api.spotify.com/v1/tracks/4788QrKvlSdtD87jwXYArt,4
2017-06-30T14:41:28Z,30/09/2016,,track,Thea Has Bloodlust,album,23,Blake Neely,"orchestral soundtrack,soundtrack",artist,6,161253,0,0.194,0.0673,8,-25.072,1,0.0588,0.715,0.874,0.0806,0.0371,130.669,audio_features,7e79R9hIwN5aElT3SthmT8,https://api.spotify.com/v1/tracks/7e79R9hIwN5aElT3SthmT8,5
2017-06-30T14:41:28Z,30/09/2016,,track,Resurrected and Infected,album,23,Blake Neely,"orchestral soundtrack,soundtrack",artist,7,188693,0,0.301,0.359,9,-17.342,0,0.0559,0.286,0.858,0.0809,0.092,97.809,audio_features,4fe5hgupAq6E6aWc52dAzi,https://api.spotify.com/v1/tracks/4fe5hgupAq6E6aWc52dAzi,4
2017-06-30T14:41:28Z,30/09/2016,,track,Beyond Saving,album,23,Blake Neely,"orchestral soundtrack,soundtrack",artist,8,173320,0,0.319,0.119,5,-19.765,0,0.0348,0.238,0.89,0.133,0.0392,49.738,audio_features,3XHjNBqoD6f7oCVgrRLHvq,https://api.spotify.com/v1/tracks/3XHjNBqoD6f7oCVgrRLHvq,3
2017-06-30T14:41:28Z,30/09/2016,,track,This City Is Dying,album,23,Blake Neely,"orchestral soundtrack,soundtrack",artist,9,171200,0,0.218,0.35,1,-15.228,1,0.0595,0.081,0.895,0.095,0.045,179.174,audio_features,7HgfhF8lZ6h4PqJ1wquzk4,https://api.spotify.com/v1/tracks/7HgfhF8lZ6h4PqJ1wquzk4,4
2017-06-30T14:41:28Z,30/09/2016,,track,Fearsome Five,album,23,Blake Neely,"orchestral soundtrack,soundtrack",artist,10,146866,0,0.757,0.41,7,-18.266,1,0.0398,0.341,0.853,0.183,0.114,105.005,audio_features,0RVW8n1dUiKBSB9cZJQQeu,https://api.spotify.com/v1/tracks/0RVW8n1dUiKBSB9cZJQQeu,4
2017-06-30T14:41:28Z,30/09/2016,,track,Oliver Abducted,album,23,Blake Neely,"orchestral soundtrack,soundtrack",artist,11,244053,0,0.334,0.556,5,-12.965,1,0.0488,0.101,0.901,0.144,0.0427,130.008,audio_features,62xE3x2De9jzDSYl2rVbwi,https://api.spotify.com/v1/tracks/62xE3x2De9jzDSYl2rVbwi,4
2017-06-30T14:41:28Z,30/09/2016,,track,Ghost Takedown,album,23,Blake Neely,"orchestral soundtrack,soundtrack",artist,12,204586,0,0.382,0.455,2,-14.379,1,0.0421,0.47,0.859,0.124,0.0796,129.951,audio_features,3jYRvIQLSQ04sq6or1Hgyc,https://api.spotify.com/v1/tracks/3jYRvIQLSQ04sq6or1Hgyc,4
2017-06-30T14:41:28Z,30/09/2016,,track,My Whole World Exploded / Savage Fight,album,23,Blake Neely,"orchestral soundtrack,soundtrack",artist,13,260160,0,0.263,0.224,1,-16.966,1,0.0677,0.698,0.897,0.0684,0.0394,120.645,audio_features,1dmYmqAoLbECKcL05iRxmt,https://api.spotify.com/v1/tracks/1dmYmqAoLbECKcL05iRxmt,4
2017-06-30T14:41:28Z,30/09/2016,,track,Oliver Meets William,album,23,Blake Neely,"orchestral soundtrack,soundtrack",artist,14,169053,0,0.141,0.0245,7,-33.018,0,0.0418,0.856,0.963,0.0689,0.0391,76.736,audio_features,7LFzQewvpYD7ouD9vFrt7F,https://api.spotify.com/v1/tracks/7LFzQewvpYD7ouD9vFrt7F,3
2017-06-30T14:41:28Z,30/09/2016,,track,Facing Anarky,album,23,Blake Neely,"orchestral soundtrack,soundtrack",artist,15,255973,0,0.414,0.386,2,-16.345,1,0.0744,0.33,0.848,0.109,0.0453,130.417,audio_features,0tfqODizFW8Ca1aEy5sgV1,https://api.spotify.com/v1/tracks/0tfqODizFW8Ca1aEy5sgV1,4
2017-06-30T14:41:28Z,30/09/2016,,track,For Better or for Worse,album,23,Blake Neely,"orchestral soundtrack,soundtrack",artist,16,214773,0,0.147,0.0321,2,-29.16,0,0.0411,0.931,0.893,0.154,0.0365,80.784,audio_features,6DTLShGedVKLBywf58EO1v,https://api.spotify.com/v1/tracks/6DTLShGedVKLBywf58EO1v,4
2017-06-30T14:41:28Z,30/09/2016,,track,Taking a Hand,album,23,Blake Neely,"orchestral soundtrack,soundtrack",artist,17,178013,0,0.359,0.143,5,-20.392,1,0.0341,0.618,0.896,0.132,0.0365,89.299,audio_features,1fG2aig2fK0TfCaSUZjjN4,https://api.spotify.com/v1/tracks/1fG2aig2fK0TfCaSUZjjN4,4
